name,address,rating,users,price_level,lat,lng,photo_url,today_hours,tipo,google_maps
Cerveceria La Reserva,"Guanguiltagua N38-44, Quito",4.5,547.0,2.0,-0.1763867,-78.47136239999999,https://maps.googleapis.com/maps/api/place/photo?maxwidth=400&photo_reference=AU_ZVEFDfu0TCJIQkLPNIWNxSAP_8UnTYjiX--CLQ1nKYpJwkCEHfxNCJ75gpKExjC9bi7TtItdLEfUo8gc6gEHoz8ZJhC8Nan6OjYQ3Y0PUeX0RxiAgIvcxA-SCbBkB4KzbmTpQodlwQ7txmpUXfo5cdUNYM8dPN_aCBQahEdXlKiRoboLGeLGEneNseFK8y3RaSlZPbGUHb-QXDGWI3UOT_mqQQ-KLOCsg1M9ihgBnNxrs3dSEU9YIVpd7DZaFVC2qOhHeqd7x5zRyIReZVgRo-OuibT8T_ztUrzizbyBmAciRda6U7mP12MSXs08KyjQ9VkKbW3ZaGjc&key=AIzaSyB8Ldxv4iwDTHLilcZXd9G4Ej5L4Bv9JSU,16:00–23:30,restaurant,"https://www.google.com/maps?q=-0.1763867,-78.47136239999999"
CASTRILLON Eventos & Recepciones,"Avenida Eloy Alfaro N39-18, Quito",4.2,82.0,,-0.1758227,-78.4723862,https://maps.googleapis.com/maps/api/place/photo?maxwidth=400&photo_reference=AU_ZVEEWxQza4LCDiwl7BsOEyXdJJyuPGOthgRyyRVRzfUWOu0sTrkV16UpAbt8U5n-hAWnctC97yr03GlKrlS3g9cRO_pO3uDchkH3GA1DrKXSONTgDCxmVBXXTMZdp04rLX8J9L9vfJ2lXrndeNaMCQ0GZ1hQmLkLY9kCu7ciy3PT_65AoAklnBazpj9sIJQue1iVXYz79Wk2WuGfyY0pAmAxX6wYW3nfT0tAXCjVuwJ5NKmNNFhzlEraPyT8bOokTFAQD_1Qmu-UYv0Qvk-TodROjeGdTIRuyEA_b5e-z9VjAMWlTtTGnsGSgyWWE6gSinShfOd_KqO9F8Wryx-RGXOkmEWFbCuDKCcExd_JRBkpBZcAcF1eGIJ0ZRALUA7GCA6HarF6CyttZ21i6QrVFsTOdZnhSBVeGlKtYwiNUPrSO0Gu9Nr12hgG6eRXtSeEfpEsG_DXu93kqZPftNrwuYX9jlNLm-bDMkIRshGXqvZPqJWw9bKlkr-Vo7y65ItW5AY9XpI9Y2wZApogqmxvj1bNsyyXC9QAxrBrQT-feyPMJ2Nx2hkzgbe0lqFtp8DGiiS8BMVqmCOJ3y80iORZijc2zjxhhY3fvam3Sy3rCXfb9WQW4pAhsaICxFNBmXPgy27Aqeo5A&key=AIzaSyB8Ldxv4iwDTHLilcZXd9G4Ej5L4Bv9JSU,9:00–18:00,restaurant,"https://www.google.com/maps?q=-0.1758227,-78.4723862"
A Kapela Cantobar & Lounge - Eloy Alfaro,"Avenida Eloy Alfaro N34-473, Quito",4.2,482.0,2.0,-0.1821896,-78.47578519999999,https://maps.googleapis.com/maps/api/place/photo?maxwidth=400&photo_reference=AU_ZVEF5ZZdLgz30WrJHuABNV3PGl83uxJooaPJf_3dvyJWxhE_uh67VeP8lpNcjmB-MHJ28qpRQbsV0PLsMwrSWc4AraMqi2XIO0LuH0Qu4IT1Pbx5YMoqrLeRlfNyY2aoMTgvexccfEmM4saWR2MNVbQPtxcFo9uAmpHwxAJVzoJrVcDSIExC-MTTsvQw7x5NW9dmpAveIz-obqQYNx4l_4Hea8b626gr3jhQKMqHjnR_N5fDYjC7qxxCTyRB3uELfBqChn01Pckh4RyryVDqtE9G_4xAdU5QselRUCELfCLE952wy2DKDvbm6NuJxKB6e-MGUgNNI4so&key=AIzaSyB8Ldxv4iwDTHLilcZXd9G4Ej5L4Bv9JSU,18:00–3:00,restaurant,"https://www.google.com/maps?q=-0.1821896,-78.47578519999999"
"Sabor""es""Quito","Federico Paez 335 y, Quito",3.0,1.0,,-0.1849601,-78.47484279999999,/static/restaurant.jpg,Cerrado,restaurant,"https://www.google.com/maps?q=-0.1849601,-78.47484279999999"
La Vecindad de los Cuates,"Tomás Bermur (N14b) N39-97, Quito",4.3,2878.0,2.0,-0.1744769,-78.4709022,https://maps.googleapis.com/maps/api/place/photo?maxwidth=400&photo_reference=AU_ZVEF6e-OYWDrD-NkIqI27KHWCq2e8O20oO47nSvKviQsAsW8iX8GqLYdQqkFSZa6YMQmF4h7SlYfH4z3moOuxvBBApXztKkhSptIU0R5YmRJzY_PESBdJATTd1W6yuRVNoMPfZyaapcd7Q1hD8TtOCrWUbWjytqBhVRW2h86WJV71KAFzHlZKvOHczueyJPGnkONufBiFvQzTRT4PQFqlCqfvsLS9kdpfLzjoskAueqnULS7WT6xIQRZ-SAHwAI7JkPIjPLEakBop85w13gq1OiCfg7X-y4lrw3ylssEss07hUbUEGpMdwjFtnh2m93LNBkZGBW5IOevPDDLNGbw9XfhAF0jZj6JWEdr0IHYRM1fmXgq-iIl3pul3zbiepdIpKARnn9BxjA_1ZznQ5yZZSlNX6labqARY3eS27r8Jkggn-Pu2dJoWkpEWBnb9rf0DX1NhGOg8YO5vHDqPe0fEHOvnR1B59jg3kpuIfPrD_P3uBh765wJavX4xDqm15EmmTlWm_D3OMVRajgiDp8_VorUTcD28ovgLXwdEzCV5MwgJ2ihPr9O7RgtH3ND2-Bb4nUhNJa60_0cE4jutM-1yhmt38uKK4FFvNGGLpPo-6L455ADPav4fE4ZeeEyNL6kn8rEdZex_&key=AIzaSyB8Ldxv4iwDTHLilcZXd9G4Ej5L4Bv9JSU,12:00–23:00,restaurant,"https://www.google.com/maps?q=-0.1744769,-78.4709022"
La Sazón de mi Huequito,"0, Quito",,,,-0.1806532,-78.4678382,/static/restaurant.jpg,7:30–19:30,restaurant,"https://www.google.com/maps?q=-0.1806532,-78.4678382"
"ASADERO ""YEJUDAVA""","y guayacanes en naranjal, Quito",,,,-0.1806532,-78.4678382,/static/restaurant.jpg,Horario no disponible,restaurant,"https://www.google.com/maps?q=-0.1806532,-78.4678382"
Di Tú Shawarmas,"República delSan Salvador N 34, 140Quito",5.0,1.0,,-0.1806532,-78.4678382,https://maps.googleapis.com/maps/api/place/photo?maxwidth=400&photo_reference=AU_ZVEFqjX9bLJQNXHNNCsnnUw1e3zyfKqv-WI8i5Fn7VxV646fzoBgLkkKu0Z6BihVU3Y3ql9FahcfGZMrpfWQZr5dlLVapKE41dMjEpgrnM72jk8YCLUSx3lnubU1232urGnhUkl4oLdz1cDqpC9XDSH2KcpnAzk36LwO-_E-BPk-y5OW14eptK_PzkpG6SJ4MiVE0vIXNqa9MtY5EoXU4qQFefH4dMyEQDtUIbxx59BllgDWIDSzH1t5YSYLhKf8NlsTvNns_u1hhfGKk5xgeemBGdPUfEaUmkqZRWEJM_VSgzKAC-qcZFFVjbdE2fssgaQWU3RjUJc1FFzqId5nGi0xRUQPHizyPHkA8C_0WkidWCoob9CtnFMuSrjW4btuvaltBuxadnVGCNFKmJDh260WwAcSmwrU9u2yb3kzFgqiXSgeK9biVoYzUsJCj22eFR2mpWT0-TVTVFqUFyef_kfkKSiIy2PMftACwWWn3MhRibUjgnnjTjdeKQy4AGSafZ896AFMqI5mDKlPX1Oge4uq5e7oFrotUQyv6wa58ep24vMEp8uNkJax_Jk24_-YKJ2YRyp4SDolPcMD3smdxEPbOX0kP6CrVFvLdpDoUnrq0nNVo2_5qW2yHIG8XLyYKnOg4JgVg&key=AIzaSyB8Ldxv4iwDTHLilcZXd9G4Ej5L4Bv9JSU,Horario no disponible,restaurant,"https://www.google.com/maps?q=-0.1806532,-78.4678382"
Crispy VERDE,Quito,,,,-0.1806532,-78.4678382,/static/restaurant.jpg,0:00–22:00,restaurant,"https://www.google.com/maps?q=-0.1806532,-78.4678382"
Tertulia's Garden Gastro Bar,"170408, Quito",,,,-0.1806532,-78.4678382,https://maps.googleapis.com/maps/api/place/photo?maxwidth=400&photo_reference=AU_ZVEHozARNPDwJ5SzVn62M25_UAqNlyYhIvVLeqaY2rB4f0nM0vFjJjlNmf5p0o9gCGUzCNUfIV-KA58BbejcKs-Rvqb3PrDmMlyBm7ePR-z3ajlVOKebqe3fcx51FHx2bVYIG2eDqOFiI191taug9uK9tGxMs-o258Up-MmvOXS4GQy8eiCeh3_C0tpIPLCdajGo3hkauW99DFsW5wU-RahcndcQ62Y7pyRK7B2P45-OuUUtWEvyDQGHvFftR1817wrct9QhATvDrCQUZvVqPnoNjya3OS4ynRYnlsBLnChBgtGjHLwTttS_qZ8rlvXBvFykF6DhA&key=AIzaSyB8Ldxv4iwDTHLilcZXd9G4Ej5L4Bv9JSU,3:00–13:00,restaurant,"https://www.google.com/maps?q=-0.1806532,-78.4678382"
Pizza express sin Límites,"1234, Quito",,,,-0.1806532,-78.4678382,/static/restaurant.jpg,Horario no disponible,restaurant,"https://www.google.com/maps?q=-0.1806532,-78.4678382"
Administración Gastronomica,"171104, Quito",,,,-0.1806532,-78.4678382,/static/restaurant.jpg,Abierto 24 horas,restaurant,"https://www.google.com/maps?q=-0.1806532,-78.4678382"
Restaurante Los Lagos,"Mitad del Mundo, Quito",,,,-0.1806532,-78.4678382,/static/restaurant.jpg,Cerrado,restaurant,"https://www.google.com/maps?q=-0.1806532,-78.4678382"
Pollos Gus - C.C. San Luis,"Centro Comercial San Luis Shopping, Quito",,,2.0,-0.1806532,-78.4678382,https://maps.googleapis.com/maps/api/place/photo?maxwidth=400&photo_reference=AU_ZVEGAmLiHobKva0kzK0Ilt64DIEogD3KIm7JYmswhKixdPT7snKGDklo0GUm3rngJ-NK20n3Eg7o4vm5dGs_2JjjGscgdaEyiVve37Oss1XsMRihBdMsmH6AH3Vbly3iMWZcucs29pnHb1CWHIUK4H1SKjkXBgmbBMO85FWhnbym0XTbwCGfFmPLQVurLkIPdi5R6A4QUgjisDcL8te_VVnyJ9-2l3SpGbPfo1zsZyz0ysWiec8z_EaGedriVNc-RJGOHSek1t2IzpD2sugkOYXWJv91GZejWqAOwEL-A5GB-aMT-L_AcT_jJ-AJvPoV-9uaQ1BthA-o&key=AIzaSyB8Ldxv4iwDTHLilcZXd9G4Ej5L4Bv9JSU,10:00–20:00,restaurant,"https://www.google.com/maps?q=-0.1806532,-78.4678382"
Gostoso postres,"170038, Quito",,,,-0.1806532,-78.4678382,https://maps.googleapis.com/maps/api/place/photo?maxwidth=400&photo_reference=AU_ZVEF1WbHEWfs6-12w0nb5QQE0-4sOfD0DxNjsU2abZwU5PoXD0ij1s4_A0R9nBdJOoKt7zqPWf9ntR2K8EL6qq3-pw-VvGZkNDqyzniJVgi9ooYZF1voP08nRz8fcftPvxGH0wAmhmRGl6a3kEJZpLu96TKjG3CdUcz9NTteCvuaRO0OL6i_3hzcHZqOHSxnuS5t7CY69MFjS-NxtIp4FrkxwR7k8q6hFnVqPsuUM4ljfcWJ0MPo0Tk658R9q7IgOJ3K4sLKkPLu0ZXihvCQohalfxc86J0mux1CCbsC5lANK0M7k-T5x7c8LdeY1sfAxQNp7yK1jI5c&key=AIzaSyB8Ldxv4iwDTHLilcZXd9G4Ej5L4Bv9JSU,Cerrado,restaurant,"https://www.google.com/maps?q=-0.1806532,-78.4678382"
La Quilombera,"RG9J+PVM, Quito",,,,-0.1806532,-78.4678382,/static/restaurant.jpg,Horario no disponible,restaurant,"https://www.google.com/maps?q=-0.1806532,-78.4678382"
kiba sushi sur,"quito sur, Quito",,,,-0.1806532,-78.4678382,https://maps.googleapis.com/maps/api/place/photo?maxwidth=400&photo_reference=AU_ZVEFCWLIGODJ93dKLI3C0z_WNj6M8OtNm6KOhnx8w6CVHvO8bmog85IhHW0qSvj1p5buYK5PYiz62B8Kyrd5RE91ycoxkwRAOkZKAlC9ccq23v6o0LDaKtjK004WMpH2hggbazHdFYtzIjhiF3WFmr34BLB-xm9ZO42WCvowwEgGnYXjpMMxeERX4mU7dIK-GawDrpFNiNyD4nLphnkjLyDcl2YxFM9Z7VgCFVMrnrhn5c4n2X_MTmAvvGepS0k2YsIHvM9oPuRhkI8XlOCcqUULpc_6NJ8wye3yGgJF2iG5-8WO4aH27bF2lWrzjxUC3-7mGCiHx&key=AIzaSyB8Ldxv4iwDTHLilcZXd9G4Ej5L4Bv9JSU,10:00–21:00,restaurant,"https://www.google.com/maps?q=-0.1806532,-78.4678382"
la forja craft beer,Quito,,,,-0.1806532,-78.4678382,/static/restaurant.jpg,Horario no disponible,restaurant,"https://www.google.com/maps?q=-0.1806532,-78.4678382"
Kari Pizza,Quito,,,,-0.1806532,-78.4678382,/static/restaurant.jpg,Horario no disponible,restaurant,"https://www.google.com/maps?q=-0.1806532,-78.4678382"
7infinity pro,"RG9J+PVM, Quito",,,,-0.1806532,-78.4678382,/static/restaurant.jpg,Horario no disponible,restaurant,"https://www.google.com/maps?q=-0.1806532,-78.4678382"
kabaña del sabor,"593, Quito",,,,-0.1806532,-78.4678382,/static/restaurant.jpg,Horario no disponible,restaurant,"https://www.google.com/maps?q=-0.1806532,-78.4678382"
Osos Motion,Quito,,,,-0.1806532,-78.4678382,/static/restaurant.jpg,Abierto 24 horas,restaurant,"https://www.google.com/maps?q=-0.1806532,-78.4678382"
EL BUNKER DEL NEGRO,"170601, Quito",,,,-0.1806532,-78.4678382,/static/restaurant.jpg,Abierto 24 horas,restaurant,"https://www.google.com/maps?q=-0.1806532,-78.4678382"
Shawarma Show Nayon,"Cafe del varon, OE7 Isidro Ayora S2-62 Mariano Cruz Tipan PB Junto al, Quito",,,,-0.1806532,-78.4678382,/static/restaurant.jpg,Horario no disponible,restaurant,"https://www.google.com/maps?q=-0.1806532,-78.4678382"
Perros Quito,"RG9J+PVM, Quito",,,,-0.1806532,-78.4678382,/static/restaurant.jpg,Horario no disponible,restaurant,"https://www.google.com/maps?q=-0.1806532,-78.4678382"
Restaurante Casa de Alba,"170767, Quito",,,,-0.1806532,-78.4678382,https://maps.googleapis.com/maps/api/place/photo?maxwidth=400&photo_reference=AU_ZVEENeEV-5qbQR971rvESKIEtt0c2gTrQHi79ukDfXgjz0MBpCGWGFrSwhdMHxVWUEQBgp-RrhX-j3SEZicQ92rVi2kr9XmE9ZNAgVVK7BTCCRVC5vTqaNAnqmBOyGeOqpI54CFzwExoNLreAzSztpthWRxBTOB8ts-WBtEUmTslBIpUCkSym7tLIpjTUNDpEqaX0C32OFbSu4tyh5nlFm6dnKXWYf_O3Ab7X6KUz1o47VPN10OXXPVZoEs9n8rk2oWkbjp--xz56nJeFfHe27WkbMoT97HgWBdqZRinKAVfTOX4roJGbzjxdqlca5Ap_Wvt-gza6fa0&key=AIzaSyB8Ldxv4iwDTHLilcZXd9G4Ej5L4Bv9JSU,Horario no disponible,restaurant,"https://www.google.com/maps?q=-0.1806532,-78.4678382"
Antojitos típicos doña Meche,"170604, Quito",,,,-0.1806532,-78.4678382,/static/restaurant.jpg,18:30–21:00,restaurant,"https://www.google.com/maps?q=-0.1806532,-78.4678382"
Las Parrilladas Del Chef,"RG9J+PVM, Quito",5.0,1.0,,-0.1806532,-78.4678382,/static/restaurant.jpg,12:30–24:00,restaurant,"https://www.google.com/maps?q=-0.1806532,-78.4678382"
La Sazon Machaleña de Rosalia y el Chivo Colorado,"San José de Moran, Quito",,,,-0.1806532,-78.4678382,https://maps.googleapis.com/maps/api/place/photo?maxwidth=400&photo_reference=AU_ZVEFMm93QH8tyY0q8v6QDohKUUUoKTxDphna5ZGB8N1mcdIaAZvHHcX-MRDL5RABYkRonQh5dEtCXJr_CcHs3HU39xYz0a1tm1Os_PLEEf4HBTG85Ia9I-Tay3ZXNDbJyKefEo6QpqrSjkqDEOqowyLMWWUg1a3KWTuYtkStzFHfoTHJGs18I7KSFovKt-27wOYhrQci86YJvoy2AXEnOqJTgd5x7azxwaXXFcR6zfJl3MlHt7Cv1iViUuxB79dymGxXhxxTYD18tUWAZkuAzfQ12TogRA4KozGqf0nhlV689j3d75iEX7fx5Sw0R1E2ILYsRSiCrFlc&key=AIzaSyB8Ldxv4iwDTHLilcZXd9G4Ej5L4Bv9JSU,7:00–21:00,restaurant,"https://www.google.com/maps?q=-0.1806532,-78.4678382"
Pizzeria Jorsh´s,"Quipu y S-32 170702, Quito",,,,-0.1806532,-78.4678382,/static/restaurant.jpg,16:00–23:00,restaurant,"https://www.google.com/maps?q=-0.1806532,-78.4678382"
"El tunel ""Carbon y Parrilla""","RG9J+PVM, Quito",,,,-0.1806532,-78.4678382,/static/restaurant.jpg,11:00–23:00,restaurant,"https://www.google.com/maps?q=-0.1806532,-78.4678382"
Pollo Granjero La Armenia Conocoto Quito - Ecuador,"RG9J+PVM, Charles Darwin y Avenida de los Estadios Plaza María Paz, Quito",4.7,6.0,,-0.1806532,-78.4678382,/static/restaurant.jpg,12:00–21:00,restaurant,"https://www.google.com/maps?q=-0.1806532,-78.4678382"
La Cabañita del Sabor Verde y Pescado,"Rumiloma entre caranquis y Cañaris, Panzaleo, Quito",4.3,4.0,,-0.1806532,-78.4678382,https://maps.googleapis.com/maps/api/place/photo?maxwidth=400&photo_reference=AU_ZVEFyl2rixwLOrsDL_8-B5acroqO6v6iiAyBvLmFW1uJs5al-l3bA9Wrij1ACEuYz3n7LteEh-indad7ojkTGRvN2n1RW3dr35JTSYm9f2x-2aayGd9q9VJ4QLC-fpsgRK8BZJvoY2o7vfGVG1yVf6C29pg4cqWBCUj6KJ7JCm2GI4KxYqtEWDedKFE8hTkhXQL43p_MrdnOW1ykFvY-Rr7bCazObCLXxhA_W05mADZ2Ua2r0o4GKspPMm8GSAYIK4XEVfWfWKwnikwxJH1GFf7aCM5cIdUNDzKTUJxNGgtgIkWSzNz_nYmP2GjuxyrDZc6yWFrZGY9a3bAzbvlLTEokaFSiqtuP-P56lqrZ3PEkzNFKEvG2L8urMdGq_M1q2P40wdvhiHBO7dUUk_3nFBCrwmNI5LJ78hEXyWf4TG6tHE_UaOaQ_7cM4vnm2SBrj48jk7y6V83qRTSVXpR-xunzSpE-jTcMhMH1WY5vhoYZ3Yvh0LvFn1gOqPBXfsmNMbUNkZV6NU2-czWU6twGQSb0kAm9CrTQ3S28RGeBpzjgzLObuh8x5bPTY6ORFLTH8oZC1xvyEE-yuJbSUMOARo3rVVv29KaW5B5Y3MhVM2QlZTLAhS8beGiXCaluhaGlGxFoBGKic&key=AIzaSyB8Ldxv4iwDTHLilcZXd9G4Ej5L4Bv9JSU,8:00–21:00,restaurant,"https://www.google.com/maps?q=-0.1806532,-78.4678382"
JOBS PIZZA ITALIANA,"RG9J+PVM, 01, Quito",,,,-0.1806532,-78.4678382,/static/restaurant.jpg,Abierto 24 horas,restaurant,"https://www.google.com/maps?q=-0.1806532,-78.4678382"
ITALO's PIZZA,"López 3, manzana B casa 2, Quito",,,,-0.1806532,-78.4678382,/static/restaurant.jpg,Horario no disponible,restaurant,"https://www.google.com/maps?q=-0.1806532,-78.4678382"
Cocina Maestra,"ECUADOR, Quito",,,,-0.1806532,-78.4678382,/static/restaurant.jpg,Horario no disponible,restaurant,"https://www.google.com/maps?q=-0.1806532,-78.4678382"
Le Bon Cafetería,"Rio de Janeiro y México Oe4 47 y, Quito",,,,-0.1806532,-78.4678382,/static/restaurant.jpg,8:00–15:00,restaurant,"https://www.google.com/maps?q=-0.1806532,-78.4678382"
To shake Quito,"RG9J+PVM, Quito",,,,-0.1806532,-78.4678382,/static/restaurant.jpg,Abierto 24 horas,restaurant,"https://www.google.com/maps?q=-0.1806532,-78.4678382"
CECPOL-EDUCACIÓN CONTINUA AVANZADA,"ESCUELA DE ESPECIALIZACIÓN Y PERFECCIONAMIENTO DE OFICIALES, Quito",,,,-0.1806532,-78.4678382,/static/restaurant.jpg,Cerrado,restaurant,"https://www.google.com/maps?q=-0.1806532,-78.4678382"
Pamexico,"RG9J+PVM, El Troje - conjuntos divino niño, Quito",,,,-0.1806532,-78.4678382,/static/restaurant.jpg,7:00–19:00,restaurant,"https://www.google.com/maps?q=-0.1806532,-78.4678382"
Tupiza Flores Jaime Luis,Quito,1.0,1.0,,-0.1806532,-78.4678382,/static/restaurant.jpg,Horario no disponible,restaurant,"https://www.google.com/maps?q=-0.1806532,-78.4678382"
Mi Receta,"Guagüiltagua N37-20 y Diego Noboa, Guanguiltagua 37-54, Quito",4.8,5.0,,-0.1787536,-78.4720555,https://maps.googleapis.com/maps/api/place/photo?maxwidth=400&photo_reference=AU_ZVEG4eEsUO2GByfZdrqO3dWL_q3UW5tHaT4Ij_aawYwOIlLpbm0N_dRXQaj3NLS8G9jHUSYzKye3bt0ayJ8UwzQ5Q4KRcmH36p4GBFqKZ8ORrssFd3WGb1dsk92ObpM4fbxAy46uGHkb9rFLGNtoRiZmwnJ_ZDAVWQ-ZYuUMSkJT1uc6thMSJpjQQnYn0h1dW3ZRwAfs9fnNZLzSAJLudMN0nnisTdvs2vTpFrjI-kaEvYA8Ltnch9d9IBiAwk4hXWYDFRHM8-57O4n2QnNXf3M7SGFARazLPVctXowHypiQxaAH2ERXFIEsi_lc5j-21X7ZIo7Vdz0uVDxYGqZUwMuxmW3Y5XXFjA7XYz7Ng-Ss4G4NCm3Qwro53wacaZNWau974hUn1-gsTN6IBIvyN9ROpergTdMu-NuNkSjwve-_HdaevRuPUm6NmO7ESdAvVM_nLt9bwKonsy9qqa3lRVDynxhhxwxBK2cvFSGwRWCK2Y4pzYP4apKsTDqU0mfKg3OxPbOHA9V9AJyeGKklRGs2rToyIs0Jzo7qsfHTjqntSQui1sEmdS8vbl5ycb9AlgbDdXdt-2as086UjPNqDT6PMrNKT-3VKMKaHZrZc_F89uPYhWFEPG4n1LsG3lzQ45RUoRA&key=AIzaSyB8Ldxv4iwDTHLilcZXd9G4Ej5L4Bv9JSU,Cerrado,restaurant,"https://www.google.com/maps?q=-0.1787536,-78.4720555"
Gyros Uio,"Guanguiltagua N36-232, Quito",4.7,1052.0,2.0,-0.1794854,-78.47238949999999,https://maps.googleapis.com/maps/api/place/photo?maxwidth=400&photo_reference=AU_ZVEGWrkuXwdQNroRgOq5PegmXKmJ9d7ws9RMqxumm1r0hWlWsnxErIIdOal9c75K3W1tKjuay01M2WgpbdGIDdcH7aRfND_E5tFA35U5Yidyu6kS-iiR7ieobkqJ6368RMCgwmDpoI_GH3Sci1vE2PlSEUpbGWf06GyqVnqiEj--dyLJCwMGuiRPoU2sf-MS50bbts5Fhsq6-86jCV8jrKzVm5rmSIORp_jaTI1BaAKYb1USwaHrpOFWAUfiPE04L2eb1gFEsMiB3Ry5B87vg1Q_ukwqEXO33wEouHFJ5Yp_Kzf7xEAchDjDOAsGjppHjGcLGsmdMSsM&key=AIzaSyB8Ldxv4iwDTHLilcZXd9G4Ej5L4Bv9JSU,12:45–22:00,restaurant,"https://www.google.com/maps?q=-0.1794854,-78.47238949999999"
Chicken Box Ec,"Guanguiltagua y Diego Noboa, Quito",4.7,302.0,,-0.1796337,-78.4724313,https://maps.googleapis.com/maps/api/place/photo?maxwidth=400&photo_reference=AU_ZVEHeIkDtj5xLfElVFtdsHwtOHOI-PeyVtjjhudOJ0IxKAjR77hSxHku6zAwz5XJtuHTQO9aiynHCopfClfe1WC_ktK2mFv2XNJnICkeF8HRWbNJ3L2fcPapsxKUFc4XBH12GMhP5kpb5buC_-keK_CKWK0oUMu-dDUjtV5g4uV8fuM74w3tZtAV-oVNnvRaDIHjN5jglIgEIoS21McDuPbrQ86_bxPJVYjw0lhpVO57Z7E7iviSgmR6G0CqfYIhe1SR0BLFFcTD2jjo6b2YoBRbbAZhNv0J7Ir1Lv_KoShjUJOGdVNTu48ULuWcquPK2STLJR5jD_Oo&key=AIzaSyB8Ldxv4iwDTHLilcZXd9G4Ej5L4Bv9JSU,8:00–21:00,restaurant,"https://www.google.com/maps?q=-0.1796337,-78.4724313"
Metropolitan Food,"RGCH+H5W, Guanguiltagua, Quito",,,,-0.1785198,-78.472033,/static/restaurant.jpg,12:00–20:00,restaurant,"https://www.google.com/maps?q=-0.1785198,-78.472033"
Las Chugchucaras de la Guanguiltagua,"Guanguiltagua N37-73, Quito",3.8,133.0,2.0,-0.1784491,-78.47200210000001,https://maps.googleapis.com/maps/api/place/photo?maxwidth=400&photo_reference=AU_ZVEENQGWucbUk3pWHFyB_MoFYCxbTnDKgUeqI9b4U0XGl6PY6g66zA3a_0a5pEdOJYc1zgbctsnxVpvqlW96K3cCHRUqh4UXD-sgaiz2TkzPqEtPK-0o-dEEkuDcEjm21Trt5aRo0rvtbPIbaEKQS75fqGYMxYbIF55gLaWt-8aUP9KG67ZRDD5o15yBeK-GnOFAwnIoXl9y0OwfJx4R8PgpG6QQF1Q4gIszrd6fHJ4Ui1hidWl9o8XqO9HMgB3QgSzfM_ZVCChhWhmt8msEGsWOqLlaXSxR-REYKCqEMApUOc6JHWoNFygRBHcyNs3nvzs1fstu1ly3QTI7iuIa8MCNOHfT0QXSvL1Q7ktzn_zfdlZI6lde7IK1hic278kk24gYMKNUEyFu198ykpf1gTJ9_xM1VbhiKS6EV1UwJ0tA_5AduZmKHrph2Z2xJxRcAsy_SFXACNPCQ7fYJamCNusx4edQ12Kk1o0it_O3D-Hs59W1E3n8xt_t6WOdZMOM7HNHEIp6meWQlHw0GFCJQ-H1DQ496MVsEgsCTkLUOSG-vxnEYZ-skAHAQqn8jD-dp0Iikto4cWcmo6iDi_OcCjHpu8D-Eqvuq67WbyvcmIoUrVodDqe1FBSLNZBWkNzf3zslSGYaV&key=AIzaSyB8Ldxv4iwDTHLilcZXd9G4Ej5L4Bv9JSU,10:30–17:00,restaurant,"https://www.google.com/maps?q=-0.1784491,-78.47200210000001"
Las Chugchucaras del Metropolitano,"Guanguiltagua y Carlos J. Arosemena Tola 86 y, Quito",3.9,21.0,,-0.1784392,-78.4720012,https://maps.googleapis.com/maps/api/place/photo?maxwidth=400&photo_reference=AU_ZVEHki-ZYthGpXcpaFIOTc-yNlxfyBr0tnBoHFAvVWImm_I2pqnBjI6U4z49daOLlQ9PHYVqyYeEDqyMGruAKkTD_8yBbytwd7Gh22XVkX-vf3sTDg5Z1Dogzp-ZBewZjikxFWj2Ezi0XdluNuMoQnPcT0mdhgDR81xlS9-D7NjUk5CQR4Wtpij7rRmlHatsI3q-3Wuqf3JNAZzK5e8fNEjG1XxJp4EaGTy9qBsQ44k10K-f1IqhEsmzIxnCWfn6uBqYUyD4XzHg38my4hIVVcK6wsO1p1ZOJGSpqcLlHKWJOTPRG26EZdhBO3LEPXEcdO8uHRH7g8NU&key=AIzaSyB8Ldxv4iwDTHLilcZXd9G4Ej5L4Bv9JSU,10:00–18:00,restaurant,"https://www.google.com/maps?q=-0.1784392,-78.4720012"
Ollon,"Carlos J. Arosemena Tola N37-86, Quito",4.2,37.0,,-0.1784739,-78.47201989999999,https://maps.googleapis.com/maps/api/place/photo?maxwidth=400&photo_reference=AU_ZVEFpMnMgqsnA31JsQdDjmuqWFSdSypqUZc3OjsAYco3yBCijahvttQyDTc2903Nmp2W97WG7l9E1nks1uRewWI0eIZ6mssyqwkOsb53T15rK9qbE8AVOQEn4vyplYIbhke-qsx2UoviOPc55JDVWBftXN4_vASUHyqIxv-dRh4bfdamT-isOKeVXfx8s1ERQ2cdUE77lXrvVkltaElrJN8VzwRq7WyfL76YiBGI4AkDJgnO3JNEGo-z55naTHH5HutqiaY4NbtJX3lmstEq_Kc3PZcvckeBLmeKHP6yGcBnHMiH_SW8q3ENubK4MFccX60aeqthOR8RSMWcjGJGaP4Ki3h3fB_A-wTvYsASA-IVei_QWfTkisyTPFQ8h78gf-noxU-IPUFdXCUb82aiCliwnPQZCAHEfUYPrW4zd9R04h04Pugl_5krMo6YrIdb8oGJFi62bGkwO2_exYDx_C1hF2bpfWnR6j2bpI8RCbwYysHS1qCMG1585EHTywXHvtr496gOS8FovtxhXIScxd5PtY5D7SucGiwdJ4VhxXmbqrbCAl7UfY7NMXXeQSmNA4btt43HotjQK3lWC2aINcOt4kpBHhQcBpno5QY2LartojQRC58IpEkiSCc2cVYUp&key=AIzaSyB8Ldxv4iwDTHLilcZXd9G4Ej5L4Bv9JSU,8:00–24:00,restaurant,"https://www.google.com/maps?q=-0.1784739,-78.47201989999999"
Gato Del Puerto,"Guanguiltagua 54, Quito",4.9,55.0,,-0.1787056,-78.4721496,https://maps.googleapis.com/maps/api/place/photo?maxwidth=400&photo_reference=AU_ZVEH_-Yjt11-Ippa7mHwZR-hpcWOGSG5zJd6xu2MtYnsr__lt4gFUywBp0ejZtVXvBixj-_1uKDf7X4czDGqNS6gV86BYJulfgsug1ElC7U-axuErkl660UQFHdhHAH2mnLSgrVU0Xpn7nEOBYACstNg88MHH8T_m9G87xWKHakyaN67tYr2wIP9ZgAjJyxyhd-bPEeB-bJr3J-oYZ3jdbq-ChwEdVuIgXFAg0lzTYG_n_A-ueLRmZzo5M0X90_xaF2La7Sxs6BQuGwFbS97JYk6p9PJOoNOTIQsQNiGa8RsKa9-m9Tq8Rkph8ELH1zSgfH8rKk0Q6II&key=AIzaSyB8Ldxv4iwDTHLilcZXd9G4Ej5L4Bv9JSU,8:30–15:00,restaurant,"https://www.google.com/maps?q=-0.1787056,-78.4721496"
Madurisimo,"Guanguiltagua y Carlos J. Arosemena Tola N37 -116 y, Quito",5.0,3.0,,-0.1780376,-78.4719198,https://maps.googleapis.com/maps/api/place/photo?maxwidth=400&photo_reference=AU_ZVEF7TchIPHOhB-ezVvOvHMKeAACWTw0md1Iu_r54aGrj9XuN9HVcuTwMOokfyPSbZAFtz3ypmbKCVqbPoKOrM9s6916x3UCFhEa7MFZOz4eYC9S89oK3CfSw13foVglyn-8Q79ERlyRgAT9UG1nxgSMM3wH4z28Ym-A9d_zukIDIiUqOGWIc_ofhuc6rsMDtdRnv9gsyiXjqPoiIqNL3lbZk8ypwpWju5uIioKrBwJVm6SvhazTI8MXVA85gJmg1TA9CRgcxm6az4f5uKrqfnbXS9VURfHgM3owVWVfZRT0xmxoMCZwNjWpY1ZBSsYo7dv6VyIWJSXE&key=AIzaSyB8Ldxv4iwDTHLilcZXd9G4Ej5L4Bv9JSU,9:00–13:30,restaurant,"https://www.google.com/maps?q=-0.1780376,-78.4719198"
Olivia's Forest - Game House,"Guanguiltagua, Diego Noboa, Quito",4.9,48.0,,-0.1794848,-78.4725605,https://maps.googleapis.com/maps/api/place/photo?maxwidth=400&photo_reference=AU_ZVEEJjahPw8Qxb_PDyjd6mBUZi2N5u8Y8owqXxKyg7HoPOYFx5dnyggIWO-_6RJFuijyx_Jq5MXmu45tvbJwvL-con_YkQ1wUlRl8aNXlMYf37iy3OR5IVAbtuVlo5TcxzS9w8uH4UTlPzYGX6mgW9cxjSj5XeSAfoUvCzqTAj5wOQHY_HntepbH_iPi3SepPHNI7SVZLcTj6KRJEVr8PcvqXsCUwq2aEyFfOr5XObFQ-m7ZtC8VawGtxBNDpFCLI1apjCyBkA1tOa-b0KcVQxwVrx19iT_rUaXOc6Lgi-sXBgIPYg6enK9rlBUDSONenlPccVRSWUYg&key=AIzaSyB8Ldxv4iwDTHLilcZXd9G4Ej5L4Bv9JSU,Horario no disponible,restaurant,"https://www.google.com/maps?q=-0.1794848,-78.4725605"
Cevichochos de la Guanguiltagua,"RGCG+6X3, Guanguiltagua y Diego Noboa, Quito",4.9,8.0,,-0.1794878,-78.4725696,https://maps.googleapis.com/maps/api/place/photo?maxwidth=400&photo_reference=AU_ZVEFeXhMa6K2tWVJNO1-3XWB4a69e9QKMrw_kSKA3Ig3z55kROgQ5OkGwSSQN-txtCWqLbHqAEo1TRDRXHINC5a0Vo6t2n2dbKkvPaRAg14i_jGz_XjvMUyzGWMAGr69yutcXwNhkRYV6xIGjwb7k8asiszzPhPTwCjYhegKjjMrYvFJbuyICDxndHtjVOzOcpZU4Em2TSzMVFfsTDBpJIuywmq5_9czGqsB7Ssjxrvv35JCDVvRmuThYQgqELkcalkWVSRtd4Pr1R0EiXsxxcROGkxJrJv-2apxC81SPzZeKBlD2j3MXdF3OxVRc-RhW34plPt-Re3FCCd52pNcChVyy_n28NfI-KLi8_gZ1iGGPX8mhIDUX9xJ1nX4SrHvC0h7ENS70OqN3D8hLU_YDh6eBCgHE0LxKghCRZlF0XscDBSSrriY65Z61JarTP-lXE0U6OeA-7t1UORDKB5ibhF2W-_J1MVqtDAGXSsQFDz0jOccAVDh7MpDZjDZRM9EOVImDRmDWSpyNfM9298gkFd5APp-lu1ODfC5nlwyK0_vc_ZrmD91ge3BJZiPPbcWYt8AqwBkA-YFS4LYbisGCvODrA4LXeTsBxz3x9vZphdEVMbrWWw3DK3YlRjTKjkPZ9-oxx2xG3LRULwf_lT0CuOzIThc&key=AIzaSyB8Ldxv4iwDTHLilcZXd9G4Ej5L4Bv9JSU,Horario no disponible,restaurant,"https://www.google.com/maps?q=-0.1794878,-78.4725696"
El Parque Fast Food,"RGCH+G3W, Guanguiltagua, Quito",,,,-0.1786473,-78.47228179999999,/static/restaurant.jpg,Horario no disponible,restaurant,"https://www.google.com/maps?q=-0.1786473,-78.47228179999999"
Yen Ramen Guangüiltagua,"Guanguiltagua y Diego Noboa n36-118, Quito",4.5,1224.0,2.0,-0.1805103,-78.4727372,https://maps.googleapis.com/maps/api/place/photo?maxwidth=400&photo_reference=AU_ZVEHiJwN6bWAuDf1SOeFzgImTwdb0k46cvFBJmVYLDjhZIxPgO22CGiYR8vVE8_VDevgg6ehPB4C5IphciFEliPqzIgb6oiHPFaFLDOr9Gfn8Lkyzk3AAHGvZy-3RjkSQBDHTlT3FhmtEy5ycgv34Ux02M4lCxqMcEngC3jAbcA_fdf26LjtYq6YhtrNrijJJN_ic835lY2aJiJDX2VEJFfZlzk-pQLU4JFCMGnMC3HlzYIQarzLdjSn1ecZQ4uFuFa6qEkdgMEWj16bKFQbgXJN9K4oKGN9bSzKdwXenpogOBB6dFxqpOx3bqtVtoo_xvlhrq1hyzX25u3wvrINDk0Pc5sfJRiMa0wZ6dl90h2AHfEEa5qiicbEXiehr7M0dsZa9eZGXpAiebQxJ2TC478M3-5zrEayYuTGadnf4C9cLYPsAmxhNAaypdSN-a5fpSJSvdQFX15zuQCiHXWvt64gjMn5szUtXtr4kr4KLrp_9EHXnAdZXH37gKWiWG59HGbuUII4X2X_RyKTiiMIB8KAc09o3mq4mFnD8qRyhUY6Y4ewa4lkX-4u4JlKaB1HXtGwVw5WlOM4rsbzxVcugYCM2EU9EJCQC5HTg7EDPtNZ8t49h3mRWXlJDuiuxHJRoo0exCcrN&key=AIzaSyB8Ldxv4iwDTHLilcZXd9G4Ej5L4Bv9JSU,12:00–20:00,restaurant,"https://www.google.com/maps?q=-0.1805103,-78.4727372"
Grill Lovers,"Guanguiltagua 875, Quito",4.9,32.0,,-0.1784307,-78.47229279999999,https://maps.googleapis.com/maps/api/place/photo?maxwidth=400&photo_reference=AU_ZVEGV6IYEwbtbnZD3NVJP0ByBe-JI36vMRrf6QF5NJDVwoJVaLbSrtl1PPDi9s9aQX7WkfziieK6bGUPGrBNbcYiNhr-u1u70T6xGi3xpCAl2Wv7NeYbwu9PXMFw6WY0KFF7c2Ng95kH5Emh4DAu3_x_KpBf6Q-eW4f1SXxW79CIj7ElV_5PxBsUhb0_RNfR60H_wnDjp3btrPZZurKcllEsgbf0aODX5z1WkkMzwQLSHKNLZGzi0QkhQcsQ1pWuXgQc2Ic4YauE9ZFBW8Ev-1HqVw0gTELa8gw4PbceIQ3IgVn6E53K-NlXCJUc9SHP75-ZwkQ4EAEkzJ4XOPnf-FM5DOILO--cZRRdBQqgy74dme8MzmEHYHqqbJye3arx_amYQIvTusJLAGVaauto1PHb7yh0UTLRlNZC0AKVGpYPTG7NnEx1AQi2W7erbgmsqr0E5msVBJ2Ntk-A2ZtoXRpdZux3P3AamKUmgvzhpUG9F6z2QlS6zBkdpSlWYafhjIPI_diCPRYvO1kf2Ak7ja9goSRy4e8qYmXtRCSodVGWxLjF4PPAJCjNz4sFBxxs7XeT9VFrYjlioTonty6YSTsbcXHjVkbwS6v39bTKUbVfp4IMJAOfTeC6s7SkzisYYiDkr4xVx&key=AIzaSyB8Ldxv4iwDTHLilcZXd9G4Ej5L4Bv9JSU,11:00–22:00,restaurant,"https://www.google.com/maps?q=-0.1784307,-78.47229279999999"
Rabiatto pizzeria,"Guanguiltagua y Diego Noboa, Quito",4.7,110.0,,-0.1796247,-78.4727746,https://maps.googleapis.com/maps/api/place/photo?maxwidth=400&photo_reference=AU_ZVEHd5K-4n5s91f8YJPqAN-0apJ_lzUywWk8wDH8SDOft0ZeK3KASR-ngO_aOvk4IU-CSShmstiY9KjGUF8258PzNiGaU_M_UjpWQ_CZcmQyQzC9zhh7dhQWmsWysXlaQV2qltfH-Vw8pKvs91F96evR4yPKAVc_7IEd8rHqpHPDmNOov96MMdPzWykEwuprGm2dTw4oEbSoL1dLkBc0ZwzOMgbMr0O0Jj4TXAF0_f28bq82XWI_Ft8Rlh9sA8H6RyIeF9cuwB5eTfc_A_7l46DO-AK0cGNwvgvupiQBh3k5HpST3gGEL8DTCPF-L6-s4RmtiThsTWOk&key=AIzaSyB8Ldxv4iwDTHLilcZXd9G4Ej5L4Bv9JSU,8:30–21:00,restaurant,"https://www.google.com/maps?q=-0.1796247,-78.4727746"
ANDES DE FUEGO • Pizzas y Empanadas Argentinas al horno,"Guanguiltagua y Carlos J. Arosemena Tola N38-48, N38-48 y, Quito",4.7,76.0,,-0.1762832,-78.4713173,https://maps.googleapis.com/maps/api/place/photo?maxwidth=400&photo_reference=AU_ZVEEKxhB2svlszKWWEWSngQT_vNHpOAFtvGozjceO6sUeulXxUQxivjD15GadIVOjSC9sh8HIDoqbcoq7LXM78uyaOvnZYGq11ufHKLmP9VHmzZlytn8LdIslKVb960oi1uKHNpFi300hHIcQzkw1EvPEWquljwGNPxJZhP7Q4CjMQNI-V9cXLkagZ_oY85nJVz6wSK0idxbGOGL4XJ5ZSOqRBS6ri0VOZxz43jLNtL88kdgxlnARkad81WSZ_53zN3Bcp69Q2_XQKv_GRRQlLxaiBVsRP091bYIcYyntL9i36YiOd5Lviw9S8TmIYtY9IDbpXun7TPE&key=AIzaSyB8Ldxv4iwDTHLilcZXd9G4Ej5L4Bv9JSU,12:00–20:00,restaurant,"https://www.google.com/maps?q=-0.1762832,-78.4713173"
El Quijote,"Guanguiltagua N38-60, Quito",3.7,83.0,,-0.1762213,-78.4712932,https://maps.googleapis.com/maps/api/place/photo?maxwidth=400&photo_reference=AU_ZVEEDlpPUtC6fLqBV6u6bo-rccKllkvfVOJzBo-g9iUHS36ZbV-rKr3tNNGNqShDTPcBZNhjxd5uY0IVZMhhNlpc4LYLFgiyHVDG6ySVMn7ySI8odIuzaTgSAD0FohYscPWQt17GYzP1Ljwf1qhpacdQwqoPUgMHrQD-qgi_6ewQk_pa5bKrWoRes3vijB862TAGuPmhH_qQyvXei3C5IRZKMPOyuBszHIxiG2CsytZWQ5rNdonkA8vAE-FSVY4zs6mSkVzLhfha6gHz1KZKGi_i2pC3P0hZXtE0QC8VCYI_qrr28DrfJLP01NIFtu2ghdTdjAI9VtxI2JXKZiwSKRLPuGQsGcW6KkumJZd_SFLt3wlJPDPukNrGXHbqtgFpaWdM2fsPo096lVDg3hNjuFRSUxc6pA3n5lqoU7IqKlvKvadfRQQiBxklIK00NAd6RYWogKEZQARbjI14DQxBkow3rY2_8NVgg_Jve2QkvitO1qYH2LiptcoZu-894IW8fglAlaseB79ojy9-JWcYPpZAIu9CbA0y1OsbuJZRZnACrHS9PPOphRct7EMntBDuO6CgyQmJs-P_vvNrnHJFWmAvyhwP76HLTjQeYrC8UGUyXU4jOU3avCQ4RAABtGR0tdBEkGQ&key=AIzaSyB8Ldxv4iwDTHLilcZXd9G4Ej5L4Bv9JSU,12:00–18:00,restaurant,"https://www.google.com/maps?q=-0.1762213,-78.4712932"
Trattoria Sapori d’ Italia,"Juan de Dios Martínez Mera 36-196, Quito",4.8,107.0,,-0.1789986,-78.4732717,https://maps.googleapis.com/maps/api/place/photo?maxwidth=400&photo_reference=AU_ZVEFLUZBr28uSCk6j_5irPDLORT8uAsiP0rsbeZ2n7hUjEBrqqeSazqLvHCaqRqDimENDuUdR-WzdhcnzFowHvtYmsHVPpCPtoKnW0Uj0v5Ny4ttMkxkW5ITvQKFOTqsA6RQvMnIuBxhzWbIssNj1SXVXgFb5ksKMiOg1Plie6vJwQThWjjZEgst_qktNY2q8fn5lv4urYxSzp5DFzq0QpyM-w6KK9LoY5j6YMrnllrrXwBlNifjamMMav8heqREFeUPyC3YCTDXtSqj6RfZ7b4pXE0XB-HZL9giaHll26n4_rQZrmwwZWzf-jxOuLT4pOK9ThDsdyM0zp5glm4s_ztoZ99ReSWWgymM4DWu7k5XDZTP1MwfW8eKHUYKsUmEZgAWW5g3P6zT6rG6EZb92bfBcMqeOIpXiIuwyfOJms7CH4BNwUqkO-mIObL3JP-vdIMlV58jd2TGwbK_NTABFgZA83wt72iQFSgEY4ChsWPVv8P5lm8xFqfP5pSlFFFnHBtHmPUMd4i9FN_AgUVyyWKOins7SfGOXKSmJTBxkZeZS44Snw047hLBC43W38VFuhbzISLvnrqfTmoXCXPWK21TSYRpE_IxJ0ZAPuWbbk2VAPQyFmDGEswjRfkP3RNc8t107nw&key=AIzaSyB8Ldxv4iwDTHLilcZXd9G4Ej5L4Bv9JSU,"12:00–16:00, 18:00–22:00",restaurant,"https://www.google.com/maps?q=-0.1789986,-78.4732717"
Negrita Restaurant,"Juan de Dios Martínez Mera y Carlos Julio Arosemena Tola N36-156 Y, Quito",4.7,123.0,,-0.17926,-78.4734155,https://maps.googleapis.com/maps/api/place/photo?maxwidth=400&photo_reference=AU_ZVEEkGl__WDoYJNY72-mKqawb-6bmLateO2pNTVnnyfXkSzJ0V4qrAKM6RVW7ytaALMPDZw2PFJxdtzKoyXTUN4wclbpm0DepMuCnhfFl70AXcGj8ofkaJIfvT35PtzKzWl76H8C9RlnegLT1HsUvTISY3_MRz8mFRlpTvamz1eWiea8iNY8lshHYzbrjsHqRp06E6HVmayo4ilf37ju1jqqJIzLZqBLBZjp7zHX_ffgBEMduVyt52qbhMU3zrbQJfTbUX9DlcYUJ50dx1Pu8XOc0UkAYNihlXYLt4HrEon7hJBWjKYzHVXq2ldl-HDp2Qzf4cmVsCd4&key=AIzaSyB8Ldxv4iwDTHLilcZXd9G4Ej5L4Bv9JSU,9:00–15:00,restaurant,"https://www.google.com/maps?q=-0.17926,-78.4734155"
Instituto Cardiovascular GF,"Paris y Rio Coca, Quito",,,,-0.1806532,-78.4678382,https://maps.googleapis.com/maps/api/place/photo?maxwidth=400&photo_reference=AU_ZVEGG_Thj4qsH9DY88JTKzab19IJ356slxUpO3UuA2iTwjdAkGPkVewXD3Md4doVz9gy_INNpp2eQZb8boPxuPcorm0M9MGIUa1w2ILWgZd84jRFw1iEWps-77dHB-X92fRcqjtwDum0D65UB0DGMCSMz5iZFpGHrfI12G8J1Fy4miXWSNycdGidOGAJTtXw_6XqalobWpCmCdwuCrCiow-YbmZP_FDeG6y7xU8vQKF8vIH1YlCnMwBLcCltmLMrJeom29CJheoClIog2X59Z_OG8RVZG7EM0InYTpMOEPbaU4BSVrZIpk9qv2aPbcUO-o_QhAgRppsA&key=AIzaSyB8Ldxv4iwDTHLilcZXd9G4Ej5L4Bv9JSU,Abierto 24 horas,hospital,"https://www.google.com/maps?q=-0.1806532,-78.4678382"
Edison Loya Hospital Milenial Kids,"00235, Quito",,,,-0.1806532,-78.4678382,/static/hospital.jpg,8:00–17:30,hospital,"https://www.google.com/maps?q=-0.1806532,-78.4678382"
Eden Kan Medical Center,"Av. América, y, Quito",,,,-0.1806532,-78.4678382,/static/hospital.jpg,7:00–21:00,hospital,"https://www.google.com/maps?q=-0.1806532,-78.4678382"
METROCONSULTA,17088116 17088116,,,,-0.1806532,-78.4678382,/static/hospital.jpg,Horario no disponible,hospital,"https://www.google.com/maps?q=-0.1806532,-78.4678382"
Direcsin Del Centro Medici Vida,Quito,5.0,1.0,,-0.1806532,-78.4678382,/static/hospital.jpg,Horario no disponible,hospital,"https://www.google.com/maps?q=-0.1806532,-78.4678382"
Direccion Hospital,Quito,,,,-0.1806532,-78.4678382,/static/hospital.jpg,Horario no disponible,hospital,"https://www.google.com/maps?q=-0.1806532,-78.4678382"
edil ser salud,"RG9J+PVM, Quito",,,,-0.1806532,-78.4678382,/static/hospital.jpg,Horario no disponible,hospital,"https://www.google.com/maps?q=-0.1806532,-78.4678382"
Fundacion San Jose Ciudad De La Alegria,Quito,1.0,1.0,,-0.1806532,-78.4678382,https://maps.googleapis.com/maps/api/place/photo?maxwidth=400&photo_reference=AU_ZVEEcuJLZFEVkcoPVhfGCQqF9HoWKmHp2bAdBrr9PAGEmRF90bBdElDPzjL4DpmX3I0y0u8ieRsetEW9wk_rJboe4Xuqh5UXLqDyC8UAH_g1aAQS3mL0avBW3gceb2h3D6ZCXAmOFYNStn8VAXyDWCz19qGEG9uTadu9htSPz0jD07nrg7Ni10nCieW3ZJgippfsbGGPAV37cpunCX2IBru8RQY5s_Lc0eHbtL6zvLDymeSKdQRPRDGwCuVfITFzN_80_F17otqRnGmfxkibeZ7kiZEDDpNz1ZxvAElp5nvfStFpVnGOfGWSvc0cz3MXtlyjn3-B_MuQ&key=AIzaSyB8Ldxv4iwDTHLilcZXd9G4Ej5L4Bv9JSU,Cerrado,hospital,"https://www.google.com/maps?q=-0.1806532,-78.4678382"
"CENTRO MED. INTEGRAL FAM. Y ESPECIALIDADES, DIALISIS LA",Quito,,,,-0.1806532,-78.4678382,/static/hospital.jpg,Horario no disponible,hospital,"https://www.google.com/maps?q=-0.1806532,-78.4678382"
IEES MONTE DE PIEDAD,"FLORES y, José Joaquín Olmedo, Quito",1.0,1.0,,-0.1806531,-78.4678382,https://maps.googleapis.com/maps/api/place/photo?maxwidth=400&photo_reference=AU_ZVEEUyuez4yZ7p-bzKKc1tB7K-kC6vGcYDzcM6j9fVt6t5uwuKT066Q3o5T_UvYGsx_7S6t81wuJoit7DJufVjeXglI7lwp0YirHbEfLRRr1lHcRsjS1OgIysly3AXjl8ffvGxKghEfwmkHg88ptO5LmzyK4_WBfotZJ_q83YOV1FZaDqKt2HCH1rkYW0FWlicLXkdgy2t5CR9eay44keJ0mllZ3rn2HVyS8c6t3g6GepDDp-szwMgs8yKqoBthkk7uOZu9o9ia3VXI-0Dl-oY1T2Y0hyFOmmT6Ry0A6nfWebzhsiyYy_CrXsxJq72RgHWNoU-rDCw4lTMkDdjiWtvJXqPHCr4uocLKcF429BLWuFXJrVp9JE6exXwXFnbKxDs05xDoHNDxTV82jxtEz7yfcIs_osEF_b2pF19r69oWOqB7__pQsCcklyclmT2jNuiA1nEgYBXDlvkHDEN6jqduqq4oXwDDs7Ppjw-tXuMuXG5zyaEv6RzIyQR9s1flw4pq5Q4wHXE8SRtRTylbxA608_ao64OJMx18z41DjvM1NbPmcZgcBrKLDvaIyKFp1QG4BITCwyywujdDS8xsAo6-U1jHP_z8PUxC4NnukhSaZ21Lo9xE-A5rcvSbqVv1mSdhomDw&key=AIzaSyB8Ldxv4iwDTHLilcZXd9G4Ej5L4Bv9JSU,Horario no disponible,hospital,"https://www.google.com/maps?q=-0.1806531,-78.4678382"
BienEstar Centro Médico,"Las Palmeras, Quito",,,,-0.180653,-78.467838,https://maps.googleapis.com/maps/api/place/photo?maxwidth=400&photo_reference=AU_ZVEHHn9pQpyPH3MDsjbbiLti6yqsly2309qnnalLszPyMX9K7GLYazzX1KXKkXyRYtMgXp7Hq5vzma4ndHdFJREtPB02j-riKhbgO047irQrwb_qNBrGvuTqNadSztEJSpp7oX1xli8ziETAhI9INFXjOZTSMojqmSWAIXxzTb5O393K1SZoxj7sh2UGMUaCtvdaxTOuXRTQ-2f46onqKkBNzWv6BuaIqtVOKX2sZyqYIgHDfypUi4TBahwv1G8FichtZDjEIHVIIolzlU715MsamoPQT8FAhdGUUPYHGzY3UW7MP1BXtb2CfEcJjaPNeEr6kkIktQPVy_LSaPUAdRXM_TH7EXv-PfvpVIikFq0V03kW49TsLuf579Q9HNa6dC6ftnMR2nbxnsBXkLeQ4pZ5ks0bCQYlrvIeRE2bX-qnkziBC-5ojpyTLLDU0HbRi4tWmRE-9_cB2e0avh8BT9Fi93l0SqYOvaU9ZCkxtqc57duJEcG9BXy1DUrrhI7ZXhP-kZR2alnrkfW1je4AR8kojMl1LMGvvjv1kojZumFdwLTB53UCHLIuQ_ulsrJHdqIIBxPUA-W1UsPy9JRS8nxNntTVoT26eTAbdGHutFInKSiJxoVKxrcQvE8mupc7PD17Xcg&key=AIzaSyB8Ldxv4iwDTHLilcZXd9G4Ej5L4Bv9JSU,Cerrado,hospital,"https://www.google.com/maps?q=-0.180653,-78.467838"
Terapia del Dolor Quito,"Carlos J. Arosemena Tola, Clínica Revival, y y Juan de Dios Martínez Mera, Quito",5.0,1.0,,-0.1787942,-78.4734366,https://maps.googleapis.com/maps/api/place/photo?maxwidth=400&photo_reference=AU_ZVEEue1ebsPx7Jkpcc8g3IAuhJVnZmFDGC9y1PNn_XSwDscONHOsein5oUQ9-Uh_rxcMmwIOOUznPzka712nrPgy7H17ed7ofFat0hwKC3QDNSYCXUUM6qmf7W74xMwr5vCXDzSLysPRe2Oijut1wmekIpYJbKJ4kU5QEWfThFnZup604Zx4fKVy5z2dJ9ehuJ7DP1rUWnwHWWTl4RaZ59FYT5lA_6CvHjSkGoZgoPa-9rT-_xdAmMH2X81VuH8RtipL7v9szrAwR-T69LqALTBGySl8xBP2IiDFBa4hBxOfDcK29cYwtKPeFJQ_VxOxMYwvr8ncE&key=AIzaSyB8Ldxv4iwDTHLilcZXd9G4Ej5L4Bv9JSU,Horario no disponible,hospital,"https://www.google.com/maps?q=-0.1787942,-78.4734366"
Boca Bella Centro Odontólogico,"Ed Alione, PB , Av. Eloy Alfaro, y y José Correa, Quito",5.0,4.0,,-0.1774547,-78.4733248,https://maps.googleapis.com/maps/api/place/photo?maxwidth=400&photo_reference=AU_ZVEHub3Ml7pvrPTfsvSyGn8C9LHjB9pD38_UHs9lTOPpTeOW7fgg0EGat1P2D4BaHDiRNYus5FM7kpKDb1y2Y7MSaxTsm623t76gifN-w-AgAw7Ebz4uHS97UIeR8AUNdvknO80satgF_lFyz5lirG-4F9vo-GxnMXYmQWBmk-bHg-t4s2CDY4zQMCNZtAo0PJowfSwcu-1Z6lDY34zMtFhOOHMLQuQuOXqrx70g4urZK2xWhPbnrxiJ3qhz1fpV1dgt69ZvEyXWm3Oml-1EBNP7K1TsNi8V2QK5hzyHU7HjIk4ry7u6_g-oiaL9cUEJyZCKxyV4rk1g&key=AIzaSyB8Ldxv4iwDTHLilcZXd9G4Ej5L4Bv9JSU,8:30–15:30,hospital,"https://www.google.com/maps?q=-0.1774547,-78.4733248"
Grupo I.W.G,"Edificio MONTECATINI PB, Avenida Eloy Alfaro y José Puerta N39-202 y, Quito",,,,-0.1742798,-78.4716878,https://maps.googleapis.com/maps/api/place/photo?maxwidth=400&photo_reference=AU_ZVEEXoOpRMlaFL8e4gly43mZTnbs1cehgQgzhz1lwxS9unxaZidk2tPcXb2BXOX8rfwckpV8fpTiR3KP543_xuwWhOjpT7ZlIlBUq_y2ZmUSr14mE1NF8sLZ-NAY59js7yjpctcFXS90gkojBjG1LQmCwiB8kHIybFdgrd1x4QPTlYEEVbkcoOnO3J1dXvN0ouKITHDq7ghW1gOe1WIkyZuD_0Q9CfqG4urrQ2kaU_rLpONmZpJ0SEY5rjVo68wNBQ0V2BY-Noa6uC80mAx5gsqfjBYWbTtXVFD2YNh5mMEJh6jIpV5ZwWenZHAdGDPe40q46eyEbNm4&key=AIzaSyB8Ldxv4iwDTHLilcZXd9G4Ej5L4Bv9JSU,10:00–19:00,hospital,"https://www.google.com/maps?q=-0.1742798,-78.4716878"
Aural Ecuador,"N34-392 Avenida Eloy Alfaro, y y Portugal, Quito",5.0,3.0,,-0.1828798,-78.4757106,https://maps.googleapis.com/maps/api/place/photo?maxwidth=400&photo_reference=AU_ZVEGiDquzS9v4eAwZhM7fNj0Im-zHOeowjVKu_8s7jvhfkKyHUg-r6eB9s--GRBI8pcuMh2vQgXcrPivjzt5mSBOyqNmm7a4tXbD2lMpQf5NZb0lD-CL9llla2tTJ_AI_Efs6BdiOCG1UFV6_LAqrXH0tUjIlqJWQuzKngQZ2_fGknOaHqINOxGsXOnonw74dGzWa41PM_iFEM00uTgoja13I_K2ujTb-HPAHKdt2ReL-PHGdvxGoqowqK7a1QZufRdh5SzxmH_5wa7fr2Q-H7oTGdRL1ua7VwAhdPw5r8z-wXxG6eJ81iHADM944b_o83VmaFXVf&key=AIzaSyB8Ldxv4iwDTHLilcZXd9G4Ej5L4Bv9JSU,Cerrado,hospital,"https://www.google.com/maps?q=-0.1828798,-78.4757106"
Ufredo Vargas,"Ignacio Lasso 128, Quito",,,,-0.1867648,-78.47355379999999,/static/hospital.jpg,Horario no disponible,hospital,"https://www.google.com/maps?q=-0.1867648,-78.47355379999999"
Centro de Salud 'Playa Rica',"RG6H+H6J, Quito",2.6,36.0,,-0.1885277,-78.47197729999999,https://maps.googleapis.com/maps/api/place/photo?maxwidth=400&photo_reference=AU_ZVEEkgl2GXzqZc2sPSTP9b0JbN9vkfTfp0UI3TOPoh84ldRou20eMpSzgdh-I5aqRHD_pa-ZGUdI09v6HK2jLJzhlsrjtdRUDzA2G37tuuSw9GayGBX4w_-v77pL_EHE1RYV3y3WEaTnL-N1Z9F2wRw71kuHr0iUbvyuTgxFHlwwTkEhCn6kz8wychgZSE8mswNheAfXOaxIcxKZkOVQMacW9QX0u05nYOBnH8F4OZd4CLyvKC6RO4y9_S7v0mGBeB60YjOA1DLgICv4V-80IzQ4LH8JN-Sw7bqcEtwExKx5OPJ_9Lg3oqOlsV9Fo0QV9gq4ww5hntZmuUZsDvLWZYDcnNUF6Xa7qkz4h2OhA1gY_uef7TIJE6H2Jkm5az2XVDOn3XWuaUXEv7uPDYSePMHIbeweez34tTTj1_LyxjSwROjo1m5CgXcRl6tX4BcdjTrtt2NFt9E3qknV6aL91ghxHLSxDEdogigiJu8XJBMLrx998wnQ1XqDSaj3boeVSQRINECGRt1VnwSafLOuzpVuF5GXGf7ENmxWQUmc0scA3Q3XyjsJEAhPJGlU31jSxEQN6Takro0nLoJngRY6NEMKrfe31l3WcWrf3h2x-XB5YWbY9zvaLYNS8LZqWYiYDhC3L0A&key=AIzaSyB8Ldxv4iwDTHLilcZXd9G4Ej5L4Bv9JSU,Cerrado,hospital,"https://www.google.com/maps?q=-0.1885277,-78.47197729999999"
Conservatorio Mozarte,"Carlos Arroyo del Río N35-11, y German Alemán, Quito",4.6,19.0,,-0.1807332,-78.47554389999999,https://maps.googleapis.com/maps/api/place/photo?maxwidth=400&photo_reference=AU_ZVEGZ498B2RUH3KIFBhGH9izRqJLhZjKd8U-wCV6syCRAYD-Tdde0a02qLvhnUwOxHplQAd4h7rpN_uAC4cJctrdYVA2MVXhyub3dYKOzF-r_1cLR8enbJLW1IUYOXqi2gLi2FUFAtFIySxg4q8OMvqRIOmiPV1swTr8tZza4t2JJW3PY7TR4-jgzaL1Jqriu7pkw2mvfoKxPguByhPesgUQMBLx_JhA2eT1llUdl0MwQRwKw80PIWysYrCmF7c_YtqILhUT1Nah3gUdPetNzPLnFc_26Hahnj3rN5GR4p0T08q2bHsMpy7dIZwiZPX_caqT3csk-&key=AIzaSyB8Ldxv4iwDTHLilcZXd9G4Ej5L4Bv9JSU,Cerrado,school,"https://www.google.com/maps?q=-0.1807332,-78.47554389999999"
Mekanos,"RGHJ+68F, Juan de Illanes, Quito",4.5,28.0,,-0.1719427,-78.4692055,https://maps.googleapis.com/maps/api/place/photo?maxwidth=400&photo_reference=AU_ZVEEZ8q9GaMK2p1SvQdf5TukskC04YHPHpIMzgBv0HHQMIiZID7XWymcgopobqs5muXphlMb2g-6QhmWvrMnY8AlPpaFsg0mojPsw_zEq35tihRet-HlguxcH9iu2NNgk35qBnsB9njf3HZfWLDae_vgVWl_QUMjHJA2eWifEFhO7aol-LFmljI7DftwuMG_NOzCEqMm9-PsP5Cpx5L54mBLBZ1ss__TMkr4TjJ5esG1EHxnRVhdx9N3Wt5iwyNHCAr8O4hQ6E5vY6v8Lm7vrQw10mcNlGPDgt3XcnvtEk-df3JBbDo8bBkgVhAb-kVKtIAshb-6Vmne3yN09dwmofYR19bRv29JWDMHnzIG-6ob4tmTFjhY-809wItlZekrRpImm2dB3R3RZNt1aMIdWZgDdBP9eLwiV8w5-NjXwWBEDfF03eOezLJ1wHUtbyGukXgzS9KN6PcsSS3lhcTvsXycip41FOMQyWDB0YogF5yiZtCprsRlrtbj3vFb6ze1K1aBTRAHBfnwNjWh7c_TtuMsMjfkPpGHbmBRbon0L_kMdqstcr9Jy7AbR-DiGKJOtJxfQ4_YMuqiHZOx5GZS3fCc2FD4YwbuZbBypVUSLrb7l-xI2FPwE6w7OgECeGMc5owl_Dg&key=AIzaSyB8Ldxv4iwDTHLilcZXd9G4Ej5L4Bv9JSU,Horario no disponible,school,"https://www.google.com/maps?q=-0.1719427,-78.4692055"
ESCUELA COLEGIO ANEXA GUAYAQUIL,"Dirección: y, Portete &, Juan Manuel Camacho y 02) 245 5846, Quito",,,,-0.1739779,-78.4737529,https://maps.googleapis.com/maps/api/place/photo?maxwidth=400&photo_reference=AU_ZVEGP4uyrr2QJtp8ROCSZRpHk8VLMB_G3l1gnlqZahWzq4xUeKCNnpIO9pqQYU1IwxtsYgW0SeP5LbYxs--VbeTzgQFyQMv9lfAB2-INL8vJhe5BzC18578pyc6leykdb6YfiQKtabXXobmGzgufk0AXMHTwI83hsSjoQjEuQJxxfEmYjeXA5T69YTpnnbhJxnELhE-Hn00IT-LTxsjYAnzyYyqQi65aAGeBupf8ktpMskaGMZTBe2ZAJPHBgFPeZUAYS1E0Vrbs_gKp08WH-qMSqPfqR1T6mzyKDdgVRENOztvCB9cJ_t3b-P9wrGV41NhFtxDGU1mQya_mrl6iJ89T-Z9PIfDoVtWOifYnKcfZR3VM-1vNfM9IzzAj5FtDFloC3rd1E6vx_Mm_A1whs1mNE3fbEfSj6NNqpwqTyOxMZtNELci6GSTUF1hy_au60aye6pkxA0a_NlNsUJM4hBWBu1ADvJ1cCyjHMDBWMQBjaAfMo2xFMGGor5cvqkfla1PElTKFbWpr9pJGPvrv1djJb4UCIZ-bksuIQIn3RmRDbuCIvKOD86wiNf_DiXfocMl9js9CpisBMXs4rWLp7XBw2-8XgxQNOVAH9t6Dvp5MnRfsxJBvV-EytLbqkYoIzxCuo381c&key=AIzaSyB8Ldxv4iwDTHLilcZXd9G4Ej5L4Bv9JSU,Cerrado,school,"https://www.google.com/maps?q=-0.1739779,-78.4737529"
Pull chico,"RG9J+PVM, Quito",,,,-0.1806532,-78.4678382,/static/school.png,Horario no disponible,school,"https://www.google.com/maps?q=-0.1806532,-78.4678382"
Cristian,"RG9J+PVM, Quito",,,,-0.1806532,-78.4678382,/static/school.png,Horario no disponible,school,"https://www.google.com/maps?q=-0.1806532,-78.4678382"
directorioespecializadomusical,Quito,,,,-0.1806532,-78.4678382,/static/school.png,Abierto 24 horas,school,"https://www.google.com/maps?q=-0.1806532,-78.4678382"
Importadora luje,"593, Quito",,,,-0.1806532,-78.4678382,/static/school.png,Horario no disponible,school,"https://www.google.com/maps?q=-0.1806532,-78.4678382"
Eleodoro Ayala,"RG9J+PVM, Quito",,,,-0.1806532,-78.4678382,/static/school.png,Horario no disponible,school,"https://www.google.com/maps?q=-0.1806532,-78.4678382"
Edubrain World,"RG9J+PVM, Quito",,,,-0.1806532,-78.4678382,/static/school.png,Horario no disponible,school,"https://www.google.com/maps?q=-0.1806532,-78.4678382"
Preuniversitario GDS,"Av. 25 de noviembre y José María ibartz n5 414 y, Quito",,,,-0.1806532,-78.4678382,/static/school.png,Horario no disponible,school,"https://www.google.com/maps?q=-0.1806532,-78.4678382"
Doctorado en Informática - FIS EPN,"Facultad de Ingeniería en Sistemas, Edificio 20, Av. Ladrón de Guevara E11-25 y, Quito",,,,-0.1806532,-78.4678382,/static/school.png,Horario no disponible,school,"https://www.google.com/maps?q=-0.1806532,-78.4678382"
Colegio venezuela,"RG9J+PVM, Quito",,,,-0.1806532,-78.4678382,/static/school.png,Horario no disponible,school,"https://www.google.com/maps?q=-0.1806532,-78.4678382"
Centro Infantil Montessori International Children's House,"La Merced, 11 de abril 0e1-36 y 24 de Septiembre, Quito",,,,-0.1806532,-78.4678382,/static/school.png,Horario no disponible,school,"https://www.google.com/maps?q=-0.1806532,-78.4678382"
Colegio Fiscal San José de Minas,"RG9J+PVM, Quito, San José de Minas, San Francisco Ernesto Erazo s/n y, García Moreno, Quito",,,,-0.1806532,-78.4678382,/static/school.png,Horario no disponible,school,"https://www.google.com/maps?q=-0.1806532,-78.4678382"
ciudadela divino niño quito,"RG9J+PVM, Quito",,,,-0.1806532,-78.4678382,/static/school.png,Horario no disponible,school,"https://www.google.com/maps?q=-0.1806532,-78.4678382"
Asistente financiero en quito Karolin Coello,Quito,,,,-0.1791707,-78.4730866,/static/school.png,Horario no disponible,school,"https://www.google.com/maps?q=-0.1791707,-78.4730866"
Mi Huasi,"Guanguiltagua 38-55, Quito",,,,-0.1760721,-78.47143659999999,/static/school.png,Cerrado,school,"https://www.google.com/maps?q=-0.1760721,-78.47143659999999"
Jugamaf,"Avenida Eloy Alfaro, El Batan N37-224, Quito, Pichincha",,,,-0.176562,-78.4728365,/static/school.png,Horario no disponible,school,"https://www.google.com/maps?q=-0.176562,-78.4728365"
DBSE S.A.,"ofc PBA, Eloy Alfaro 36-25 y Luis Armendáriz edf Isabelle, Quito",,,,-0.1799638,-78.4745495,/static/school.png,Cerrado,school,"https://www.google.com/maps?q=-0.1799638,-78.4745495"
Kids Area educación Integral y Creativa,"RGFG+293, Quito",,,,-0.1774768,-78.47407679999999,https://maps.googleapis.com/maps/api/place/photo?maxwidth=400&photo_reference=AU_ZVEGbuAYN2Dr1emJ5IYa5OkQc5aijH55mSKZQqxiFrMr6WCFtCGVAljXsJ8LvXQWZygAG9BPXFPH0QMHK_yubRDgReM-RXgT16anWjZKIGcL8ZH-9xH3A4eArLSwx0K_-Q4spERYmJcdOIng7zVqZhyLpMqDvRmNjbyAMyuG0-FpuCr09ZiBOVZQKP7XcVnLMg1X2Y4-VKpiRXI2js0VZ_p2SsJKCoqWNFcXBznNHqzkHy2UdD7b2TGrbjFTKGPc3kEE8n8qA3n482Tag3xC7E6aS3xs7Glxv2pLwFfYN4O3AXM4qxZmHruE4sjPpncAs6lxpfqSDXR2se54CvS1afhjHgwBDoxVxA05d53pLzUrm1OKE7ZCWflbBOZbsIXuSkYmdh6yFByIjM1Kv9XuD1odFMROnDzvx2K-2_zmsfQdEf7b1IDxgHDxrP9B68UkV9V2LI5ihIJQI3mKDDpo34GY4JDcUorN4g153W33cDTujYaMuO39zNutbpRfU2bDpNGRj59RNBTuP7jKrIjyeQGVnGmAVnW_Z7lrm9To7odVAj334UY6S9RtC7qsf0tdnleHKbJELV3JID54vCcrDtfKs5T85cyD-g9w2YD56t8qQZ3zavlDYq96m1lw3HVXHftgdR_p7&key=AIzaSyB8Ldxv4iwDTHLilcZXd9G4Ej5L4Bv9JSU,8:00–19:00,school,"https://www.google.com/maps?q=-0.1774768,-78.47407679999999"
Conexión,"CARLOS ARROYO DEL RIO, Y y José Correa, Quito",,,,-0.1774206,-78.4743314,https://maps.googleapis.com/maps/api/place/photo?maxwidth=400&photo_reference=AU_ZVEEBvAHt9i62GLM0c_-CDeCGd_3IW1xI6F8T_fFeLYtefwrJQGfYYTXTDnFk20MOPINNaQhcGdMS12ybcFGletINijP1XbmsGA5vCf-59ih-eeHLWH6MqEVQzu6OaMEne1QxVm8OopSZdaPnEAETOyItytoPnr3IZr16xiJQ5AnoYvEmQOomZ4cabIsdIQmVY0YYhWTz4TWwgutZCV9eb8-SsQ0CvOUjVjyFo_MrA8I0HrbtMPU_MYjkhrCo3dJJMlmjpcWlNMDGBD66Mti0YNNScfna2nGBpDTBKFcOS4c8JK_tiT3SoEpsPsuRiMvTAhglD5TBQyk&key=AIzaSyB8Ldxv4iwDTHLilcZXd9G4Ej5L4Bv9JSU,10:00–15:00,school,"https://www.google.com/maps?q=-0.1774206,-78.4743314"
Evergreen Kindergarden,"RG7G+FWC, Quito",,,,-0.1863167,-78.47274139999999,/static/school.png,Horario no disponible,school,"https://www.google.com/maps?q=-0.1863167,-78.47274139999999"
Don Quijote School,"Arizaga Luque N34-240 y, Quito",5.0,1.0,,-0.1847044,-78.4743926,https://maps.googleapis.com/maps/api/place/photo?maxwidth=400&photo_reference=AU_ZVEFv6aTStgfawoMhil0njjSLl-HD4iY_06SaMPie1wGkcFMgA_rXzMomnKuC82Btm4GrHbGICHPNjrYlpUTKViloO2D2800rH29vIYx4njoL6H6GpqSfeqt6GkjigSHSjGx_h40r5wb-fTZeK-UDNQdtPoVOS6Me5FMSFA-gBcL0lHZHzK1DMu8SuXDEpWQB4hi6NUuOHOCwhVJdGCwyrvJW5P51tNbbHo2WhYzwrjLKVLaygLycO0KZZdWbQWDMVZSu2U6MoJlcw-ZNA1deeFAiY0b6Cy4mljv1x2S9HKMB0Bn8bMptrDCaGuqg4MrtpnSgdvv-GsQ&key=AIzaSyB8Ldxv4iwDTHLilcZXd9G4Ej5L4Bv9JSU,Horario no disponible,school,"https://www.google.com/maps?q=-0.1847044,-78.4743926"
Kruger School Quito,"Arizaga Luque N34-206 y, Quito",,,,-0.184984,-78.4744959,https://maps.googleapis.com/maps/api/place/photo?maxwidth=400&photo_reference=AU_ZVEFasWI7T2dhkn9Z4oeUx5deXfRYQ_l2IO1iocIJnr9ki6FxKxpTidJKIb17X7i5qyTlCGIUmfMepbbfyflEM7taFRGxWU4b5Rm_qgu57Ojhs3KY31dif2RLQO9bpV5k-UJEXDY0H4FIV9Dvh1NvmKK-gZFqdr6-rHB4mkMkh1iE9x7PG2kyhW7eNLsX36D9zYRtgHrNACe87lfGZVHhSAlvZKGPpqgbndkQ7rwmCG_HjmWQttKrx1V5i_YgZwo6j6eGBDjXLrsDukFk4hQjVOuQ-5wYH1DuDmpiD0uD8VMs3BZibxpH6IU2bnlwBEtwL4HhZmDdq0Y&key=AIzaSyB8Ldxv4iwDTHLilcZXd9G4Ej5L4Bv9JSU,Cerrado,school,"https://www.google.com/maps?q=-0.184984,-78.4744959"
L´Atelier. Un espacio para ser,"Diego de Brieda 143 y, Quito",,,,-0.1884399,-78.4709572,/static/school.png,Cerrado,school,"https://www.google.com/maps?q=-0.1884399,-78.4709572"
Universo Infantil,"Front Contentious Electoral Tribunal, N38 and Jose Manuel Abascal y, Quito",5.0,1.0,,-0.1748334000000001,-78.47406649999999,/static/school.png,Cerrado,school,"https://www.google.com/maps?q=-0.1748334000000001,-78.47406649999999"
Creative Kids,"Juan Ramírez N35-79 y, Germán Alemán 1723, Quito",5.0,1.0,,-0.1800077,-78.4764162,https://maps.googleapis.com/maps/api/place/photo?maxwidth=400&photo_reference=AU_ZVEHE_dlZjIvEfPuKWzaruYWpU3OaFSapkpAMmxycYIGFu3yI9nlF4KIKcT-8Mr30198dq84iDY1FuaDLx8otCU1Si7Bm6dpzmf4wXmPNH838MFi8u1aECq9p9lyrXBhpMx03fUha8cYfSd-fPZWoVih9NI0-37a8LONxgIAXxvW-Huvt4BiGJBurmg8Yk4OygCP0dYUJsRdq7PXfOOl0EYdKHQj_omKNi2p533XOdocUAijgr0PQnEYmupqHOnLObxE17Pr9r5Fntf_TXe_pBWvRK4DdSvQZW78wMAo2klMp25AnVAoZKJNK3jBmAdKOYnQaO4n3mVScPSDgXcZ_wFLl8gt3a9jeQTkYjgugHBV6EdRJBOKFQXCZxuxTUGN5PJQXhU3CN8K2gdZaOlG7dp3Mm01VQGJk-SUkI61SIMgYuydxdBKCFm7YFNahVJzlvTa0dEyU1rFXNsVlYOf597zo9qEIEMgLZ-kpXhHs09lHg0WO1x3tlf1-kgqvGSnqdurZpRwyeE9sxTByxXW_s1g84jPgbWOykgTHAnpxhwz9VkRYSJ5sJlFvP3392_Be12bU46ZhxjdVCPtd-XIyHwvOhlMQYF0HRz7dOYlv53HtyLVnIUSfFghWawr6V2YkajQZnUsR&key=AIzaSyB8Ldxv4iwDTHLilcZXd9G4Ej5L4Bv9JSU,Cerrado,school,"https://www.google.com/maps?q=-0.1800077,-78.4764162"
Colegio Experimental 24 de Mayo,Ecuador,,,,-0.1751444,-78.4746921,https://maps.googleapis.com/maps/api/place/photo?maxwidth=400&photo_reference=AU_ZVEERxX2kNqcv80xsymP2dLVjpSzsSMT08lYRKWqhQhRIESZXl0GQ20-RLy6jdwNSYIYLjGIoMI5242tkW2rxabpMRtWrw2E_yJsGL3P9H4WwIxU1x7j29VGXervxqplpjuganvlqOxSm9gkOvKfQSnsMqmR30RsT8Z_VZxn8mpWHJ8RRqB_ex0exA3fh8wL9NLQYY2kYQx9Y-qyEmPRpvRNCebihucklv9PAXatqLBdVlp4eYvXrwo8MUUWPiuDkaDA9kWUkXP9de2Uz-bv9NB40dx12jQd4404lR_HZAAeIK6cMgXA0GemEoFWInefeb78QSgQX-2fD3p2-P2KKNFRKBMpOjuex70VvBz5clqdSslv1AWqDrMV7XvyQc1XyrqGodXothBvV4GdCr_wCHZ5AhXfnFoiq5ZKccOoyZp87gDFqwAscCSFqI0UmguSShtHP1lMOrzHqSKOQPpXD2pToZG2xsTRSo7VVtu-KTAy2ix8cMmkuIZN2lS8QI0UOMmLeNwiKcbO9nlZ0pI53Q4VXLpr1DbQLnmLj-2SK2-CF5gi6PYi0aZVgE6hBjT4HK5kySLw3Q3Kvvck3yah3coti3Q4ZnpPLzYGwAUrEHmyl2nvyESRlauYd4ttqpukeqyiRJz2e&key=AIzaSyB8Ldxv4iwDTHLilcZXd9G4Ej5L4Bv9JSU,Horario no disponible,school,"https://www.google.com/maps?q=-0.1751444,-78.4746921"
Unidad Educativa Fiscal 24 De Mayo,"RGFG+X4G, Ingreso Colegio 24 de Mayo, Quito",,,,-0.1750579,-78.4746574,https://maps.googleapis.com/maps/api/place/photo?maxwidth=400&photo_reference=AU_ZVEEvfX9sOehlqOOXrSTi9HzZjU1Y1wr-9uUstvd0hgdZtQbV1YSQHCYjCeOa0G6lwjkuhNimxSJkTjsHLp1bZTASsbt-H9PaaVeiCdWCxuwaz1x-QtLAvoDxk8X2jZ0cS6XipG_ypV1guuS2xJvlWwy76UTgpARyx502g3P3BvuEaXyHmlHMjg1GmC0DLCWLkEC4e8j0DrKWpi3ZOxDkXzKFNSH_FRlzwOGC8da-0fTx1kmHMXf1quL0bOlvSBweC6QckEqv6OJtMsYy9pHgF8hoK_cvDoZ3HGz2_Pvuef7WLHWlFJjJkuHHrBm88ED2xrB9BxF44y1gNG9f8xRHHoOgaL-qzWSXAQur5d1MOK8iPdnGR1YVdJgA-yr4T7i9DLCjqo-wh58Fhfm2xkfvVl3mwk9Rc7cpjFdoG82jpPkSHprviaVFhr3P6_BqAn8gVNLIp7NIXPLqcdTmj92Kf_6RP2G59-XyfDgfT-XsSLgFSJhyjbagUFmlyTOHde0d7dJ4jw8Zk-lkrV6W0a0_nlbYhRgRijobD8wx8GB6_EnzdbX6HUICve718C92fRQlwCs1Xr7ZlAqntQaSmdLoFDA48EZw8deNYQG0Cc7Lu8KIXcpqZ9zDjn58VkAVohuyoFOggg&key=AIzaSyB8Ldxv4iwDTHLilcZXd9G4Ej5L4Bv9JSU,Horario no disponible,school,"https://www.google.com/maps?q=-0.1750579,-78.4746574"
RIALLO GROUP,"CONJUNTO SOL DE LA PAMPA CASA 5, CALLE LA PAMPA, Y y CALLE LOS ALAMOS, Quito",,,,-0.1806532,-78.4678382,/static/cafe.jfif,Horario no disponible,cafe,"https://www.google.com/maps?q=-0.1806532,-78.4678382"
Café Andino l Donde cada grano cuenta una historia de sabor,"Mitad del Mundo, Quito",,,,-0.1806532,-78.4678382,https://maps.googleapis.com/maps/api/place/photo?maxwidth=400&photo_reference=AU_ZVEH3S6Gd9HF-uyOrdn8njapykO4KSEFfIknGbI-CciLek_9EeKrw6UMbBHk3-e07D6yiypeQ4kMeVp0VOqmN9Mupg6uILpkbPr1G20wNUvbOjXKkgfV06xpjrebphxffgeSUDTUU_rN9stGYok6JbmbEqbQwv5Xr5cPFlUzRbsdpeDzmuNO6iH0ioV2xgDvXjn57lDnGb3KMBnEam4l0Tgbv5H5Jn90yGRUOa8T9RU1UYoC7Aeg6oa5VugPyK-JxJ4iFKR3gV8-__aAYJNJB6hVgnQ2PzQW2SgF_uXotzGhgCXUGQDR5C5WHzrgKLxYO9gih7uVdfOQ&key=AIzaSyB8Ldxv4iwDTHLilcZXd9G4Ej5L4Bv9JSU,9:00–21:00,cafe,"https://www.google.com/maps?q=-0.1806532,-78.4678382"
Colores Arte y Vinos,"1111, Quito",5.0,1.0,,-0.1806532,-78.4678382,/static/cafe.jfif,9:00–22:00,cafe,"https://www.google.com/maps?q=-0.1806532,-78.4678382"
Quinta Agroturistica Valle del Rio Bravo,"RG9J+PVM, Quito",,,,-0.1806532,-78.4678382,/static/cafe.jfif,Horario no disponible,cafe,"https://www.google.com/maps?q=-0.1806532,-78.4678382"
Santa marta,"RG9J+PVM, Quito",5.0,1.0,,-0.1806532,-78.4678382,/static/cafe.jfif,Horario no disponible,cafe,"https://www.google.com/maps?q=-0.1806532,-78.4678382"
Super Power Café,"RG9J+PVM, Quito",,,,-0.1806532,-78.4678382,/static/cafe.jfif,Horario no disponible,cafe,"https://www.google.com/maps?q=-0.1806532,-78.4678382"
"Mirador ""Comunidad Atahualpa""","RG9J+PVM, Quito",,,,-0.1806532,-78.4678382,/static/cafe.jfif,Horario no disponible,cafe,"https://www.google.com/maps?q=-0.1806532,-78.4678382"
CAFETERÍA MATAHAMBRE,"RG9J+PVM, Quito",,,,-0.1806532,-78.4678382,/static/cafe.jfif,Horario no disponible,cafe,"https://www.google.com/maps?q=-0.1806532,-78.4678382"
La merced,"RG9J+PVM, Quito",,,,-0.1806532,-78.4678382,/static/cafe.jfif,Horario no disponible,cafe,"https://www.google.com/maps?q=-0.1806532,-78.4678382"
Luzmarih_ MysteryCoffee,"170311, Quito",,,,-0.1806532,-78.4678382,https://maps.googleapis.com/maps/api/place/photo?maxwidth=400&photo_reference=AU_ZVEFGKTcGWCEGJv34DxZvVg7_9rYjd9g9u1HruZ4OET1LYFhwAAMlquvHBk-olOiaPo0-8JsjH3fN04l7gwxACLuDmfRpmb2b9-94cQzrJQHHBqor13JuQQlhzVAoj9Ts4CZVOifwTjWJHZfO395uUuLxoprijjA7LjslpWyyJ305d8n-78Wb9z5cclzeMumcfHutRBaEMFX5wSc8F3bFc3IQaVP5kkKqkdjWuxNzjzKOlRcuFlEK21L3YK4PuM_AvsDrnYhdA_Ex3NCthDi0Ql7qmhbKYrnIVzVTi53CSuz_mUzZvLTxovuZitmbJ8G0Bkx71omU244&key=AIzaSyB8Ldxv4iwDTHLilcZXd9G4Ej5L4Bv9JSU,8:00–22:00,cafe,"https://www.google.com/maps?q=-0.1806532,-78.4678382"
Focaccia Cafetería y Panaderia,"Guanguiltagua, Quito",4.5,66.0,,-0.1790592,-78.4723242,https://maps.googleapis.com/maps/api/place/photo?maxwidth=400&photo_reference=AU_ZVEGvLPTyW7ZptUXHhGFO6YMAwWq2-Ofb0lQSOhX437KcjiQit7pFYxLiXd9jh-WvNqh0XeO9H0KOIwHyhAFrcKJERN0HaRnDXipttFzxtjLCOfOG07sVio2ipukE-2z1LriPSGSAmsyMihrGAsmg2iIFE2T1vHZCGxmwvXoW8Lw_wOV_xhHfqIT-FUQoH1HdcvspjuhUInFG1oKprrSpHokrIljKQ1gs2NOltGqQWpSaZJ7kvt13fqlWTJICNhNnmcSUpOdzZiIesj3AVXrv1KVvCD24C1FN6h26W9FL--4xNTvi4nIOFpys3rvKIAHOdBb8NaotkgI&key=AIzaSyB8Ldxv4iwDTHLilcZXd9G4Ej5L4Bv9JSU,7:30–19:00,cafe,"https://www.google.com/maps?q=-0.1790592,-78.4723242"
Olivia's Forest - Game House,"Guanguiltagua, Diego Noboa, Quito",4.9,48.0,,-0.1794848,-78.4725605,https://maps.googleapis.com/maps/api/place/photo?maxwidth=400&photo_reference=AU_ZVEHPrpUXy9LLUau55sAAsgdHOircvm1synk0wTvFBg5wvAzcFb957wGpfU4yZuE4E2n_cwhGzWco66QM4bms3I2td3_1JhKDMrbLk-1Xcq3KNO6MywwEWduVcX2-UV467i76UFnq7zQQc_nq5klpaKdWclfHeEtRNSNRlnjuYNH5Sxxj7UO7IUcLmzmB0RgosEF1XJan0xfKSDmzRIf6dCpn_uYrvDxWUmnAPXsbhc35ALolKTGSgQsaxKQiTtfhVzOP77Oh-OnaZ2ocPUH2fNiO35qw2Hg9bbOxn6-ZhXDMoRK4t3fUHiNTdQnNEbWWSOJcvrfIsNc&key=AIzaSyB8Ldxv4iwDTHLilcZXd9G4Ej5L4Bv9JSU,Horario no disponible,cafe,"https://www.google.com/maps?q=-0.1794848,-78.4725605"
Café Río Intag Guagüiltagua,"1025, Guanguiltagua 1113, Quito",4.6,328.0,,-0.1758129,-78.4711192,https://maps.googleapis.com/maps/api/place/photo?maxwidth=400&photo_reference=AU_ZVEHo8X4LQInrgPQSIjOWjiD0YS9L5o454kCd4CwzYfGsYLynI6w832jWe4hv4eb-TzJLLStWXWKAbDkS6bzOTzBgVn7mVJ5IKuvKdOkTU7Cs-cWVOWqzcr_hZI9QGInVGN0IYYd6VBM0MkeaJsamq2H8rOc6gNHGEE3aBIe6WYjDizDn9nL3Z-lfF_Qs1mFSUf3msK-n9BnA-INaToU1y_Fs3RpG7SO31D48Y3CGydW6XXVSmW3OevFgqHBDOFKcX-E-Ndsg9FLF706sSAbJ5MkrJF1hOUXtysDc232Tedlq9Rzh_1u07xefZod5cvTCi8LtHDGBiaXOo3f0LGFMYDmdB6NPgysrXwNDkQMa_vPldXU4KiPVSS5G9Rz3D6pI3qXIAlAH2eYY6zjrsFTuLVW3aLpfmouia1UdL_uyKGGdSG6ey1-HPkIbqX7WdaJb7XckXBXgp0rflrSMV6umHlVJDZw4zwZ4UsxPklCN3ZGDaXSWS3Mo86D81ksW34X4vPDjYqmof9lacERGQ16pmkcnMQmi5HnCvP4O7TwtRgv_bqqvZ9nspJKuCg6euuVCUlzNHPdfCNMhgiZZ-QyOIMJ3ODqjc74lw-kya1VoKJmY6KF-KWrIy_w28QhpjJKmLBTHMg&key=AIzaSyB8Ldxv4iwDTHLilcZXd9G4Ej5L4Bv9JSU,9:00–21:00,cafe,"https://www.google.com/maps?q=-0.1758129,-78.4711192"
Anquria,"Avenida Eloy Alfaro 3147, Quito",5.0,31.0,,-0.1791214,-78.47422809999999,https://maps.googleapis.com/maps/api/place/photo?maxwidth=400&photo_reference=AU_ZVEHILCkW_IouB7HOnj2FCtODNhZmztu3LB-HQySYbrIyiJ2lUmqikV_AvfR0dk1Y_QMHMzp3ymMCh1t8rbAw-2ez4Gj5ty3GROWjKKbRZDXqGpyzqOk3_Kg2GA0adVUoR1MVliHdiZZpHlTEpidRw8PXAd5vbUrjSq6krfRu0Ebp3Z1AceI52cy3ELg0XDhk-8wQ7wUjNXfRO7gbuOOpP2MEZXFpRNg-Xp52OdN4dBSlbNKmx97uWKORvLapXjWOPyXLsY1oER5Yka92cru990MXQDqlJ4mAVHwO9LPSRj0q_GzUZwKpxzFAO5YN0KmunuTXy2Ug1s8&key=AIzaSyB8Ldxv4iwDTHLilcZXd9G4Ej5L4Bv9JSU,10:00–19:00,cafe,"https://www.google.com/maps?q=-0.1791214,-78.47422809999999"
DEZIGN CENTER,"Avenida Eloy Alfaro 3147, Quito",5.0,2.0,,-0.1791214,-78.47422809999999,https://maps.googleapis.com/maps/api/place/photo?maxwidth=400&photo_reference=AU_ZVEHOfEzbuko91s38Ic21ohn7WIKortyrClyDfAnQoB81NbawxA1DoWBEkFTPoroYYp0SGfkP4MM4DYRbiZ76Tzmy5hmLMcDkBCrdcrjCGTs1YsZEOAr94I6XrrgWE-5o8rb7xUcIQWpmhQc_mfG4MMvnCp1QDti-pEbYP4k9Iwer-XWP5eRNT9OK3AIHJDLys7pC9U9fLWkGatqBR0fOH6aYx7zFPSIcZPBBGpdi_3Sz8yioMd2_sLDuzaLZSQe9t9GiqNkivPC0QvOUhLQ4nDSkeBZt77W6-us3L22ORpsKPB7nh8I-HoF7MZgtzYXdgf6n5sg1gK4&key=AIzaSyB8Ldxv4iwDTHLilcZXd9G4Ej5L4Bv9JSU,10:00–16:00,cafe,"https://www.google.com/maps?q=-0.1791214,-78.47422809999999"
El paraguas amarillo cafetería,"RGCG+84V, Carlos Arroyo del río, y y Manuel M.Sánchez, Quito",,,,-0.1791418,-78.4747094,/static/cafe.jfif,Horario no disponible,cafe,"https://www.google.com/maps?q=-0.1791418,-78.4747094"
El Paraguas Amarillo cafetería,"Carlos Arroyo del Río 36-177 y, Quito",,,,-0.1785908,-78.4746445,https://maps.googleapis.com/maps/api/place/photo?maxwidth=400&photo_reference=AU_ZVEEEWKTBc46MNrNS7VJGZxurVTXDTPoKi1Zmi8iZvorYKXGbKdYoxmlLOKkN_0zoczMDMYKs4UKFGq5x3Iayi0mjoChdkENJHJ60NB5Atre8B2gSaTGm96LcgKxdcGBxvh5AC-Bw2h3NPvdB7TVIPZhv_1NRUPK71Qdpu5jxmZ9t6F8dTn8ajGrvLvnlWFxXX5AgLAUU6oB273Rllsk33Nv0gJ-UKRUqG4pUn4rtMwkP1FBVHKI3AvUC0fsReW2ElO-THisKub_-wGYioWwVytskru4VxQS47Jz8TA94H-JEpqI-cYfkyihVXEJaj4MpKKDeN04LhNiJuoSJ6BQn35E76pVrJIP-aZU_8vf2vitvyav2uvGFinwAkQ-cKq2ia37gcobjDyH4iXUnii-_8XoJqsLzQdsw680n05BsRwrvWx0wJkkVm2vpaBIHULvkUj2s3kepb4koe_Ktb8q_uw7z3bsdjWILMsWNW7T7vzbyJh1s6T2UkuzJaxbDTUHbkxEK-Xgqk80lIczQ5LgsJE7swfyp7hdLVpQlCu3Q1HvWH0DUTUEgBC49MjwkqSIWcygZn6Orw6JkRUxl-5v0F5a9iQJzcCHKfcH4qmSRvrJaREhD8ELjuERGv6EE6L6RTQZK_frmcEX7u4bZJIM6Gu4P07U&key=AIzaSyB8Ldxv4iwDTHLilcZXd9G4Ej5L4Bv9JSU,11:00–16:00,cafe,"https://www.google.com/maps?q=-0.1785908,-78.4746445"
WILD Social Hub,"Francisco Arizaga Luque, Federico Paez y Chiriboga N34-268, Quito",4.8,8.0,,-0.1845002,-78.47439229999999,https://maps.googleapis.com/maps/api/place/photo?maxwidth=400&photo_reference=AU_ZVEHXJl6j2xQtvQOaHmLUe_DmSiF_S1vZ9os2AJjf-DJRDTyI7uCmlSSKjC-J_NH2Fsq-Ew5f51ybBilnGV91T2LN5yGS3h0d6zBOdA5UjW0rSfwkdKE7hX1Yyp2kZLpdDEzKOQw0TfYFCk-pMw9HpRYydcdZ_758y0yMcgT9zUjXpToBeTMDF8yoqmj0euqTUmqETkCVamuiwPJokHNa008IjxO8f7WdB2BLO7acqatrQS6b_pwixR1boCzfX4fm-_AfbIGl1DGpahnjIAV4s14Ze4HXxNtnZLthWkjru44QtIWqJQSZKT8L17mho9N0q3wLc8TqhUU&key=AIzaSyB8Ldxv4iwDTHLilcZXd9G4Ej5L4Bv9JSU,8:00–20:00,cafe,"https://www.google.com/maps?q=-0.1845002,-78.47439229999999"
AG Studio,"Germán Alemán 168, Quito",4.4,24.0,,-0.1797604,-78.4756032,https://maps.googleapis.com/maps/api/place/photo?maxwidth=400&photo_reference=AU_ZVEEwWaMfctd_ssi7_ZX_3dHoKJjnDJi5oFNUAXOeaY7E2eBjORtdcAH377yU4BiKYS92bTrmi2uRdDtiXseD9j_LH8RFjnfSyfa8iQaA-m1nV1t7bBLl1NpYMYdV4jxm2L50D1ECXpG-OBJZvXVFSPzlZeHQdKC4GhpDlXT0m1WTStXc5NVtWZQZY4sLMgFy58YI7EdmXR80F2h4qxE9nAVksGGGe8GlUkCZE1Kk2znfTAK6L7WrHqFH23I_kTF1br44VHHcrIKCH1X8Gkhbjt9XDKtBMqOfqrQxOPBqRTIojphWEJQB09tqjvR-tsTthD_Dpk8_lVpyRUXMqtgk5yhlMemRp3U4EJi3zRra3H0NBxJ5kmY5jaay1jo6AYV_Y9-0_oMSESd2liEeDgwdhq_WTe2uMf7cJnp7pE3Heuze5Hgalmtx10j7SJuKu1IKh299u7tO41dt3U2lfdq436z6wOvVOAOhqlWsuSQ-xsbtr6zYXeYfjuk0HNeUjkxU7tRjgvuF0xI69x9buUnj4gW0XGhcIBGAj5FcwC6uIRX-JUO3XZZYl_sGbVSRpU-8spj-hpuakFRGzu3321FOWbs2T2Y4BCeE-tnUebYHvhggNLXxFqc_xhseotvhnKI3Ni3zX5pM0v2FqPfKaGGc9XUgBBE&key=AIzaSyB8Ldxv4iwDTHLilcZXd9G4Ej5L4Bv9JSU,Horario no disponible,cafe,"https://www.google.com/maps?q=-0.1797604,-78.4756032"
Poker Grill - MonkeySteak (by Monkey's House),"Avenida Eloy Alfaro 39-01 y, Quito",4.8,9.0,,-0.1739873,-78.47192319999999,https://maps.googleapis.com/maps/api/place/photo?maxwidth=400&photo_reference=AU_ZVEFw5fxG0FHRfiN5f0SIC8ARC_SfeXmyO0b8tDSrMSAzJg9731pwY0803grcZpCqw8AWvUDLC5er0MTHmsxVGAMk3NypJ_-Di9IouB6fmsPdolEGNbpqdldVuOv98fsxzBvG6JZNZGat88HczBOjVYg4QJbzqGifsIhM-ooeQ4kR06j_VJfotJxCgiUF5VlZ79NmzilmiNweRLp6_oj3vshTUD__jBEeRqiJ7MH0rG9EsPJTdaRzOTy7_Ban3Fa3aVZ-GV2I9lL4705le5oJYhZLoPhnwWQmnYm4uv8pZhy7dhGJDqbq91jvF7QvWjbhOg9vY3Be0_A&key=AIzaSyB8Ldxv4iwDTHLilcZXd9G4Ej5L4Bv9JSU,Horario no disponible,cafe,"https://www.google.com/maps?q=-0.1739873,-78.47192319999999"
La Matilde,"Juan de Dios Martinez Mera, y y Portugal N34-368, Quito",5.0,1.0,,-0.1835614,-78.4752876,/static/cafe.jfif,8:30–22:00,cafe,"https://www.google.com/maps?q=-0.1835614,-78.4752876"
Honey & Honey,"Avenida Eloy Alfaro y Avenida Portugal N34-511 Y, Quito",4.0,1301.0,3.0,-0.1818781,-78.47575309999999,https://maps.googleapis.com/maps/api/place/photo?maxwidth=400&photo_reference=AU_ZVEH832g15vkUxTtjSh0kdnXhdzuRdc4hGVQUNskEhbIojDZLB6wqY9ISfOWGf0ZY9gZTwE4KsvVhPsSAKxCvhZ-b2IkypuI1C15aOxCBCsXb9qpB8MuAWWUFaFFBGILc-_TrL2v0m7NB6IULy-ziSxLF8EMMiR02_L9CXA7SHB87UgM5dhCRRcgYMynG75jB2QoPBuPthLSVvddVOmQIjdhF-KpFjYH12hMicwlwzVWB71XnCVniLlZMRo5BX6uI1e-2qFCAxLyMkSAa5EnJHhikC-LU_-ZOJqnpwrKmvRsvN_-AozHPqM9lDhoRU4R1WVwutsSzzdxgk4dR9KpQ_XkCG_1HnyET-Mc1hPkEPePeeGhmhlobnGn4ycMKH1v1zcaHnf2ZC5GTJL9pqzeqLKVZnZ3lg8kSpwTpakLxtyf411X0NfTIXAJVvP2--QonJv-UFgrqamFMyvgHM2vyicrfL-zoDfzouNXGrDcxb15CAQBeHXBmXOIA5ZogEEKqDcmujycvRzytY-VuP_ckH5vdnLwaCgWeo_GZY5AzCSVcI8zbw0XAwleV-eqoqXL16Pe_CgpUQNlPaCXqdXhEHvtqgm6GAyIhzxMPC3xMxORiWC3afzGPjrrf47bM4ZnzPPGy4w&key=AIzaSyB8Ldxv4iwDTHLilcZXd9G4Ej5L4Bv9JSU,7:30–21:00,cafe,"https://www.google.com/maps?q=-0.1818781,-78.47575309999999"
Mi bb mia,"RGCF+FJ5, Quito",,,,-0.1788585,-78.47589769999999,/static/cafe.jfif,Horario no disponible,cafe,"https://www.google.com/maps?q=-0.1788585,-78.47589769999999"
la Recolecta,"Avenida Eloy Alfaro 2678, Quito",4.4,27.0,,-0.1834804,-78.4759456,https://maps.googleapis.com/maps/api/place/photo?maxwidth=400&photo_reference=AU_ZVEEz_t4VafJFtRPJEhgs7gg2wPNtD9wjTP-fvF7uz8UZ22_y4FYzIIuw6bdJ27TwtP9wq6-SWYWGjjbbLcgO2IdD5rT_VqqP94L64SV602PW63YOyMKYs8vxuDmaWNo5Xw-TVNDXhIynNHmvWG0sLborapKZewo9UJ6p0Wm0_FtdyXhjxcl50FbDAX4PpNQ1A3WVnoIrQzAVC_EsTgGcXpjQC8BFqII0mvTiMouKpCxxRNHgs3OiWUg8seBhU4mlSEkPtYje75_XuGrMcDSW3nLeXarb45iq3fENAas8zP_kJm5FYclXTtQBlgqoqi2TNATjaYuHs_3vvwFOmp4JGcAJ7gkoTW5-yrwM4nAmyQFNpOkgxEIMHaUekO2hbAsOzNcmhSgLe8VCupYeMNcVdtinOInagoEW6k_8fp24omvXlmVgpwSaY9qIp-KJ5jAZVQv45ROGj1biy3OL3wMKJbz3zLkLv6Q80D5gTpvLDj3VXlQQkrJhri4h5VI58aSEQCcPjXXYqCqkYr5-lBgyG09Pl_hw9vXmcUBroY6SGvnSNpRMbMn4IC8c-r-yJ2_ma4gHIKe4ZEn-c9l0HryjQKe5_mtcPXs2GT31a9uLtGjFHBuaMRZnNq-l7uWlHlEK-Tu4nYJoZomQaUL8pg5bzOGiSv0&key=AIzaSyB8Ldxv4iwDTHLilcZXd9G4Ej5L4Bv9JSU,9:00–19:30,cafe,"https://www.google.com/maps?q=-0.1834804,-78.4759456"
MARKET B,"José Puerta 39159, 39187, Quito",5.0,1.0,,-0.1731587,-78.4723295,/static/cafe.jfif,Horario no disponible,cafe,"https://www.google.com/maps?q=-0.1731587,-78.4723295"
Roca Roja,"Eloy Alfaro, y y Catalina Aldaz, Quito",4.6,519.0,,-0.1835065,-78.4762922,https://maps.googleapis.com/maps/api/place/photo?maxwidth=400&photo_reference=AU_ZVEHM3dJmBM6sUQZNt_rN1fygWeJtrsMdFstVGUzxapGRGt2Vvr46uF_OWRfOc40upszQGaNkmWr9rJJyRNSU-GLqIy5YSc-AqDsAOn3N7-EVqPny8pIRDKWYvRmIZlpy2qJkUU8bdwU0LAaYug5c7li9eG_SpX6B2tDl3DKfwN-iWY5DiQzYnWas5ZEJs_RVs95ZJe8eL_e3HzGm_i3nUNIZ4pBAVMutoT0Y-BOz8S5Pkt4vWbgW_qmqtexHqkLag1tZta_L8KSf4mCI9o6Ar7NxAbF1oNOVZIzc2u3iyH02nQNJJdlo_nkw-F6aYpOO6MYyQoAi3wE&key=AIzaSyB8Ldxv4iwDTHLilcZXd9G4Ej5L4Bv9JSU,10:00–21:30,cafe,"https://www.google.com/maps?q=-0.1835065,-78.4762922"
OXIALFARM CIA. LTDA.,Quito,,,,-0.1806532,-78.4678382,/static/pharmacy.jfif,Horario no disponible,pharmacy,"https://www.google.com/maps?q=-0.1806532,-78.4678382"
Super Pharm Farmacia,"RG9F+3QG, Avenida Eloy Alfaro, Quito",,,,-0.1823001,-78.4755373,/static/pharmacy.jfif,Horario no disponible,pharmacy,"https://www.google.com/maps?q=-0.1823001,-78.4755373"
Fybeca República De Chile,"Avenida Eloy Alfaro y Avenida Gaspar de Villarroel N39-463 Y, Quito",,,,-0.1723622,-78.4709013,https://maps.googleapis.com/maps/api/place/photo?maxwidth=400&photo_reference=AU_ZVEEpteBdZL3tUuiG9evJVzHuNaoBrmmX_wJWxryaHM8sDN_EkHxcsRF1i-0RqvbVQt_eNuNdwVm52_rHgnO1BL5TymkqnTGXUp0Cw_3HTyWXws_5USPepbMA1PBJIME_6YyTkNBELgNBjVCEeNEaZRjvwqsHrOuN-YUngH4G6Fj_cEgDA--BSynhqGf0T5D74hhdxvtPTaVVyp4kCXqOEButbbY5DaR4erVLVeUPGOE4JNBirysjnKgxX5lptJxwk6cGX5kElPjmhbudkIiICWihcyBvI_6zvzKInxmm8kl8oDUJrjvlcTlFIA-Tl-LQHiei5WqtEYo&key=AIzaSyB8Ldxv4iwDTHLilcZXd9G4Ej5L4Bv9JSU,8:00–21:00,pharmacy,"https://www.google.com/maps?q=-0.1723622,-78.4709013"
Produbanco,"frente al hospital, Av. 18 de Septiembre y, Armero y Carlos Andrade Marín, Quito",1.0,1.0,,-0.1806532,-78.4678382,/static/bank.jpg,Horario no disponible,bank,"https://www.google.com/maps?q=-0.1806532,-78.4678382"
Cushqu wasi,"RG9J+PVM, Quito",,,,-0.1806532,-78.4678382,/static/bank.jpg,Horario no disponible,bank,"https://www.google.com/maps?q=-0.1806532,-78.4678382"
Cooperativa de Ahorro y Crédito Huaicana - Agencia Tanda,"Leonidas Proaño y Rómulo Gallegos S/N, Quito",,,,-0.1806532,-78.4678382,/static/bank.jpg,9:00–13:00,bank,"https://www.google.com/maps?q=-0.1806532,-78.4678382"
Diarca Principal,"Guanguiltagua N37-234, Quito",4.3,324.0,,-0.1771046,-78.4716108,https://maps.googleapis.com/maps/api/place/photo?maxwidth=400&photo_reference=AU_ZVEF3ulvkftAwl870OlNzSocB4AyQgKDC5qYUFzTboLviRrLPVjDDcjcWLZn5R2-7hAHk8b9s4KE7rQoJxZCbORKNS_lYOeRYTIH1YzXJrk0MnaTxZoR5gIzgdKydmtek2ZO5JSSDGWTZECUsWbpjkcTwKAkmsK_yFJvyuvIIbnGj94XPatRsELwv4CxuOom_rWm0hnxph4tqA5o6-oSCoS0M0DaSn4CVm10wvQ2kyq3sPdOikrfNTbuQDsLXqc_SpBD6rxdla_4953HE6kyCsQd7DLPV2L6HenaRzYAVfs0N0WQA1I6TWaZkk5cP3am9OBEoq7zPNwbfbAizTxEMvitb1cNGtlFUv88NFUJ_rv73nHsd2MeZoX9kx9togvTm31C3UkV7_PsgzNhGz4fWJ6DU_hCVWuy2g6P9gxpPsp3J08WXSO_-GfKIkX_pa-Vq6bCCt1zcqb6QZwIO4709UoXKsjJ7EBN83wSXHLBYo16iIOh2l_xsjx5FvLe4_ZqSWoEv5lx3TjASrm_bHBOBuw0PaygDuoEzE575M1AbY2deKrPUHz24SHQFs0nKZwccxIDoVWX0WuD8mgvUh4YNjp4Cuu1sBLEy1BTHDsaP8v6D1KO0A72FTbp-f0HD2quGJHiRGiuV&key=AIzaSyB8Ldxv4iwDTHLilcZXd9G4Ej5L4Bv9JSU,9:45–18:45,store,"https://www.google.com/maps?q=-0.1771046,-78.4716108"
Connect Creatividad Digital,Av Ilalo y De los artistas N2-29,2.5,2.0,,-0.1806532,-78.4678382,/static/store.jpg,Cerrado,store,"https://www.google.com/maps?q=-0.1806532,-78.4678382"
Doggie's Bakery & Pet Home,"Avenida Eloy Alfaro 3777 y, Quito",4.6,61.0,,-0.1775742,-78.47370339999999,https://maps.googleapis.com/maps/api/place/photo?maxwidth=400&photo_reference=AU_ZVEHKUZqaQ8ZRREzaMk14Ajw6jVcE4Cu8kUWZaiDq2staMVGIEA8osVbvqobHy6SQufLwuiItn_pkcWU--eDgD38wN2xonGteqtDI0J8j6MhorTilGj8s2PaV2WF63u9GAyV6ustagQASmqqY42WFVaPgGT-7YzXDPixQq36cP4zcE5I9QCIoV_XTYJ8HcKaox9BBrqQ3J5QkXvaFQJxs-5ln3ftAl0q6vtnauw6q-yfT72i-TSzJNzRLHb8FvVEOuorVIKIQ40D05_6So14qo20UndOfTDA-U4GvobIkIh-xrf1q_-wfcTk6wqdstl-rQ_czT_9oh-c&key=AIzaSyB8Ldxv4iwDTHLilcZXd9G4Ej5L4Bv9JSU,8:30–18:00,store,"https://www.google.com/maps?q=-0.1775742,-78.47370339999999"
La Pesebrera Eloy Alfaro,"Avenida Eloy Alfaro, Quito",4.5,93.0,,-0.1804016,-78.4748761,https://maps.googleapis.com/maps/api/place/photo?maxwidth=400&photo_reference=AU_ZVEG1Gepk9woECCsMutiMuxA1fLELMwC5kZ6AI00No4B8QpL_ZAxmF-HCKupuOv2tr2nF0AoOyohMduOFw8QklOI6lyn4kEP1mEtvj3yOtMoBbi3outD-9JFO8JqvhpEz1LbBFqOXWVsm8J50pZrRHdwgY5qBl1RIezSyRZk82Ylo0c7itSkb8_O-1b4IkXrrgHogIyzvqjQkoz-LGk1bNhsfPSQhrw5k9pHg7xE6ow1CIfMt7y4fKlsOVEY3Hwt6azVJ1cnX4VgnuBfBgdCP1g2phA492R5tya2vSwP0bor0w4w1yzr1y-H4uCsEav9RpPLXXcB9dzAfHUq6yjhHfxrDHGnxIbtmXnkI4IgTP_2OtbARI5X3lBSmjwp0SlKwI1GxQA9jq55W3WRjXayzG_hK5C7n3_wlc__S35s99O2o8IkTn-qMp5DW-5Khiz6SJ4UuLftdRIl3bYQHSm83ZWaqN5VAMRBXVf4U1Z7uwoSUlfFaLfJs34ykluGJzfyqofF16CqL01MWpBwIxcv7La2KRuLNhQlQjWr3AJgxFYh_rd54J-js6KbTNLTdCSSnX23-SOc--lPV8LEXAYva_uVObN23P2GyoYk_rlGuC3hp7iSDS5ExW_6H2kRilGURUP81sg&key=AIzaSyB8Ldxv4iwDTHLilcZXd9G4Ej5L4Bv9JSU,9:00–15:00,store,"https://www.google.com/maps?q=-0.1804016,-78.4748761"
ASINFO SOFTWARE & DESARROLLO ERP | CRM,"Alberto Guerrero N34-30, Quito",4.5,40.0,,-0.1841311,-78.47488129999999,https://maps.googleapis.com/maps/api/place/photo?maxwidth=400&photo_reference=AU_ZVEFZieimoOVtlCyJDyThjVnOi9hGO_UwsuaNkXJVQWQx89dkAmo3capOIVsJJZjxvZcv8hkG5s5M1yL7zHFvHOb30mCvlgAhiBOH35UyQEd-NLj9_LpqQnnGl8oW4-kt1pxRKB9vDy5qyXCdxXAJpef6SJ-pAhVtnEiZ1pnJeCtlCw3-T5Or0Z6uYfdm5iDDgd6o1985KOTsxapuZnaU9a1K8a4sXKDeM6eSetsmi1DrAngl4g2-q-pCQgBoiXLLJkwxiKgrxPKkUUV2RvWUyvobl33rw191vqYeWvnCG0ydBMHpwDXcUsrAex1HDcU4dkUX3OzZA5s&key=AIzaSyB8Ldxv4iwDTHLilcZXd9G4Ej5L4Bv9JSU,Cerrado,store,"https://www.google.com/maps?q=-0.1841311,-78.47488129999999"
Auto Design,"Frente a la Embajada de República Dominicana, Germán Alemán y Juan Ramirez, Quito",4.9,11.0,,-0.1796956,-78.47573229999999,https://maps.googleapis.com/maps/api/place/photo?maxwidth=400&photo_reference=AU_ZVEHDdvmcVHxybxdF5IRLBajlnHZFxkzSENGEciIONjk5fxGtgQJuGpFXlsUMpENDGW94Fi-wMBha7pqMYQ_kFIHHrmvX_bjzZnK-_Xv_0fcFlIQ3MdJAMcDy15fW2xUUAEGb7LPNKuRdl1MgsqNq0GJ_wdSShVgvFl59G6ufzGZzdhVtKbcDQUg4sUSPGQ3IB-h944NerxUBKNpIsc4tWiT2MHWiT_GRkZNTbFOmCy3B3KlUB4s4JaQ3SJXYBbu7Wj3Yo_0PmJW9PMILccqXucxoKiVs2djmx_xKj55JUtNB0nAkjORpBOXojruuzNlxwsL6ndSYpLcrJlZc4T9FAGDEsGeLOlteuq6yJaddXT7-42SKPlgIgdcYIRcb6YrMXU6NlI3-QpffEd5rXvT8404hSXu9J1qwIkGO6w5ns-cG16PQwquOcTe6KjDQ8uwB-pE3ltDkL2cZ0IwJB8WYB-24sqihEhzjc0uBDIOjY-25Fdumk0DxUhpS56OQ8mfovvy4gtYPmprl6nanWc1DkhjUyo7fKbHjAaP1XXUlORmoUtNPTcCpm2ZQ7E95ZQD-62Ss4j5SZYlwVrVftdBd7Tc_0YIPDKDgrW9shqwzyaQ_Fzl7sv_5R0izPJywfl3DK9rxeg&key=AIzaSyB8Ldxv4iwDTHLilcZXd9G4Ej5L4Bv9JSU,Cerrado,store,"https://www.google.com/maps?q=-0.1796956,-78.47573229999999"
Librería Rayuela,"Germán Alemán E12-62, Quito",4.8,335.0,,-0.1798931,-78.4759199,https://maps.googleapis.com/maps/api/place/photo?maxwidth=400&photo_reference=AU_ZVEEAEPKGfuJ6RzqQXoOsOS7CB1kVLupPi8bh4wjv0UduWleaT0Z2Zb-d6NH39h4-mp4OcZKmGmLa1g5fr6cJDLY1qqz6byNfmBpNdTlJ0450yvVO6olMwiVqjNp8oTHCHXyLXbjEPjc0sxKywjaNnXAFWXcYblvjMj19Z0Rjx5X7xX47IrIVefck7CBaGUToEANRb94QvYqwmxqA5rf2Fqua0Hx3c8oNapuYy4-aKkbsrai0LoQ0Fa1yAeBAi9SoT3vGtb8gFEK155-fqLk7MO7V9ICGzjdx57xHz3ZnQTqNaHl9JjlOPCOrBE7vmn9ASVlpYBUvH0o&key=AIzaSyB8Ldxv4iwDTHLilcZXd9G4Ej5L4Bv9JSU,10:00–17:00,store,"https://www.google.com/maps?q=-0.1798931,-78.4759199"
Disensa,AV. CHILO JIJON S/N Y AV. PANZALEO QUITO SUR,3.7,3.0,,-0.1813387,-78.4760932,https://maps.googleapis.com/maps/api/place/photo?maxwidth=400&photo_reference=AU_ZVEFMOH18Eu5csAFufAMBP5rPPJ7mBXt2woiM-H4QSCU6jJb8FSAUhKOnDNyFOUyzo7CTsYFg5QYBYByIT16FBXNQlSGrdk1kRLYAKOmFWdBsFpvKg-xb8iQ7sm_bBmyGru6hYG85DL0-axbaYfpzdEk4fAiM3H9dg-mKpAjFjD5ftTH5Vlv2jTiwhM6z5QZNCB_FkTFv8Y9XshPv-sUhbhuuLLdPTO0waKzByoVcDSlEKb5S1HvYgGRGrZFJ1qhgj7y-UXAs3Ugek6lyyTO7B-S-RscU1Wy9cGCoscTB7ESFs4YC0tzZ6PIs4l7NAzCAb9CSYOKzVjg&key=AIzaSyB8Ldxv4iwDTHLilcZXd9G4Ej5L4Bv9JSU,8:00–15:00,store,"https://www.google.com/maps?q=-0.1813387,-78.4760932"
Smart Retail Ecuador,"RGCH+R7J, Avenida Eloy Alfaro N37-108, Quito",,,,-0.1774733,-78.47315809999999,/static/store.jpg,Horario no disponible,store,"https://www.google.com/maps?q=-0.1774733,-78.47315809999999"
Codehotel S.A.,"Avenida Eloy Alfaro N34-381, Quito",5.0,10.0,,-0.182994,-78.4760864,/static/store.jpg,Cerrado,store,"https://www.google.com/maps?q=-0.182994,-78.4760864"
Emotica - Bose Ecuador Authorized Dealer,"Avenida Eloy Alfaro N39-436 y, Quito",4.8,30.0,,-0.1724676,-78.47085539999999,https://maps.googleapis.com/maps/api/place/photo?maxwidth=400&photo_reference=AU_ZVEEyaFVRYbgsBh80WPuOf8ZUcWGI0l29hDP0QeFCD5tRKwM5f6D2Ig6p-1rSw431TCDA74G3bY4V1V9Fds5Bl95oNnD5hWBL7KEVSget8WEP8kHZdg4gzDZJKW5FWuzHi_bOYg_bHw8y7qo5EY1HK3dGehGIW-7ys5RvZKLUewO_tjmBMMMxwuHmSFoRxxKXBIQyYih6OXjQRTdCSZqkXbXhbtF4LE-Gin8Y5jJHCftPbxpNZnMPDdHWJguiAyrXgmFJCZ2CwH0-HiPO--MJ1fS-ydXGYhAsREs65GB2mAVsJLoL-5PGX_gMoA-bwsxpa_WE30b_de4&key=AIzaSyB8Ldxv4iwDTHLilcZXd9G4Ej5L4Bv9JSU,Cerrado,store,"https://www.google.com/maps?q=-0.1724676,-78.47085539999999"
Quntu: Organic Life,"Alberto Guerrero N34-30, Quito",,,,-0.1841311,-78.47488129999999,/static/store.jpg,Cerrado,store,"https://www.google.com/maps?q=-0.1841311,-78.47488129999999"
Bazar Papeleria Wima,Quito,,,,-0.1806532,-78.4678382,https://maps.googleapis.com/maps/api/place/photo?maxwidth=400&photo_reference=AU_ZVEHYqjm5mBur4y9vYea7v9mh5suvKoTCWNTs-XNItpqkCktjt76Wz2S9g5L9WD1oxDRnIMrWJmCwc87HFZIOVBkUUa6_gf7EyhAqDzdRmmSkNlM2Nbfe6RS_R8U4FFUmnnbB5z2U0Pe3lJWuICQ5jWRKR_wFOzEyUx-7HKQPG29pGvt_fEq4zhNKG4Lh0eJ8hBgnlE2kvDOWy0BHaJpWNwf5TtQIXqDbac69xPo2-H9ht_Sq040fkBgB4_XysPO9qkRgqKFc6UxTfVYwb7jyMbgjze_6IsIv05zyL7FJivGCs5HuOwhxdA2X6pTSRIuE6ldj3Cr_MpY&key=AIzaSyB8Ldxv4iwDTHLilcZXd9G4Ej5L4Bv9JSU,Horario no disponible,store,"https://www.google.com/maps?q=-0.1806532,-78.4678382"
RIALLO GROUP,"CONJUNTO SOL DE LA PAMPA CASA 5, CALLE LA PAMPA, Y y CALLE LOS ALAMOS, Quito",,,,-0.1806532,-78.4678382,/static/store.jpg,Horario no disponible,store,"https://www.google.com/maps?q=-0.1806532,-78.4678382"
Gafufos Shop,Quito,,,,-0.1806532,-78.4678382,/static/store.jpg,Horario no disponible,store,"https://www.google.com/maps?q=-0.1806532,-78.4678382"
Cecilia cbc,"Simón Bolívar, y y Pascasio Brito, Quito",,,,-0.1806532,-78.4678382,/static/store.jpg,Horario no disponible,store,"https://www.google.com/maps?q=-0.1806532,-78.4678382"
Vida y Salud,"17025, Quito",,,,-0.1806532,-78.4678382,/static/store.jpg,Horario no disponible,store,"https://www.google.com/maps?q=-0.1806532,-78.4678382"
Pura Pechuga,"RG9J+PVM, Quito",,,,-0.1806532,-78.4678382,/static/store.jpg,Horario no disponible,store,"https://www.google.com/maps?q=-0.1806532,-78.4678382"
Office Supplies,"RG9J+PVM, Quito",,,,-0.1806532,-78.4678382,/static/store.jpg,Cerrado,store,"https://www.google.com/maps?q=-0.1806532,-78.4678382"
Circular Moda Sostenible,Quito,,,,-0.1806532,-78.4678382,/static/store.jpg,Abierto 24 horas,store,"https://www.google.com/maps?q=-0.1806532,-78.4678382"
Quitumbe,"RG9J+PVM, Quito",,,,-0.1806532,-78.4678382,/static/store.jpg,Horario no disponible,store,"https://www.google.com/maps?q=-0.1806532,-78.4678382"
Rose Blush,"171106, Quito",,,,-0.1806532,-78.4678382,https://maps.googleapis.com/maps/api/place/photo?maxwidth=400&photo_reference=AU_ZVEEpWo_kdkqiVJyel7rNr23saPsPoxND4TlW5sUCoBN_jATROj3l78F8jCDioTEv5HjF_ouSTATYvDHtODRfK0_3CYFzI23vOR4JOt-P-6JNiRemXRYTr-nkHBvgOThrJoEOcb2BGvZYcDnBFOBTRSR-8WeUH7Kn9qTL_kWuEDeCNQne66HbLXRcxfTaLPcXpm6bGtsRKEQ-EGzgJj88yENrWPnbxZE8aQjzuAk4qu00_aybeYQo_aQp0UeTwbiFJ6oE8serRjuUGf9_frIjZCovvbPqeBue14tbMxnGcCJ8bh2YvBgBLxHwR4eplIgQwjGnzih23mg&key=AIzaSyB8Ldxv4iwDTHLilcZXd9G4Ej5L4Bv9JSU,10:30–20:00,store,"https://www.google.com/maps?q=-0.1806532,-78.4678382"
Accesorios ZOU,Quito,,,,-0.1806532,-78.4678382,https://maps.googleapis.com/maps/api/place/photo?maxwidth=400&photo_reference=AU_ZVEH9rleY3QBZZdhsvtya5YDLUg6cuKlNyiznQNYsEIg3LllSFzuoQfEAZixfpmNsbNrGl4Eo7BV8KbshA35zt7epZpnUhcPS_eHNnY-4KRUdlf3YiI_eKel-jKJeeYLuomTi7kD-QTr9aURv-DprjYDYW6JUiqkqzx6e2d2VHTG-lr2ot6wyHm8Ax7se1NQRycw6tuWyaZcQ1tvtdWTFRD59W3qNcuqH36cPW1Cb4lFnDjReYEab_n47yZl-kB_6cJvV7Zacq5-b7gVYwqcq-2_tIOXKzZQwvDLkPJS43CLbXpezs_HB0zvUkMJtWxD7RwSwJrVQDkc&key=AIzaSyB8Ldxv4iwDTHLilcZXd9G4Ej5L4Bv9JSU,9:00–12:00,store,"https://www.google.com/maps?q=-0.1806532,-78.4678382"
Quito,"RG9J+PVM, Quito",,,,-0.1806532,-78.4678382,/static/store.jpg,Horario no disponible,store,"https://www.google.com/maps?q=-0.1806532,-78.4678382"
LifeBalance,Quito,,,,-0.1806532,-78.4678382,/static/store.jpg,Horario no disponible,store,"https://www.google.com/maps?q=-0.1806532,-78.4678382"
Café Andino l Donde cada grano cuenta una historia de sabor,"Mitad del Mundo, Quito",,,,-0.1806532,-78.4678382,https://maps.googleapis.com/maps/api/place/photo?maxwidth=400&photo_reference=AU_ZVEE4qTq8d9G6zZShalL28aO4Aiyxkd4vpHcDbp9e0FQPnvecym1Qs6w5wlvOdGAi2WZo1V4RHYWOXI3fR2NubTiT5U1oGLpm4ygx-U4pqggOHz36srz6cdYDd-6ocqgGYdEUIY6xCZRAtWj7SvkjcnHUE-tpEBnFFbgOqko2UpLcTdIxXKvDYXwX47IcYSjT5OdQMtS5hDCXDLgVIbEFWEvo6c6E0uFmxWvhT-v3fd-xVwhiTTqXCzXq8K0aV4Yt_YHzX1gG00I7pFC9g8RSG-XaLSPgSm4d1rpcOkTYVJRJKijR34CAjZ0aD8ivfZBgxKWi0ukFnkE&key=AIzaSyB8Ldxv4iwDTHLilcZXd9G4Ej5L4Bv9JSU,9:00–21:00,store,"https://www.google.com/maps?q=-0.1806532,-78.4678382"
Luces led Quito,"La Primavera 2, Quito",,,,-0.1806532,-78.4678382,/static/store.jpg,Horario no disponible,store,"https://www.google.com/maps?q=-0.1806532,-78.4678382"
Mobiliario médico y hospitalario Quito,"RG9J+PVM, Quito",,,,-0.1806532,-78.4678382,/static/store.jpg,Horario no disponible,store,"https://www.google.com/maps?q=-0.1806532,-78.4678382"
Plywood Distribuidores,"Venezuela y Av 1412 y, Quito",,,,-0.1806532,-78.4678382,/static/store.jpg,8:30–13:00,store,"https://www.google.com/maps?q=-0.1806532,-78.4678382"
Manos Creativas Carmita,"mena dos, Quito",,,,-0.1806532,-78.4678382,https://maps.googleapis.com/maps/api/place/photo?maxwidth=400&photo_reference=AU_ZVEHXwVdKvmE-43DArxdtF2eTtZE6fAd9MQb9enW4SRBPX8qbBgwA726yomU2VS4m6DOYRL4HTmeYVkzqNa9N8L_jW1WIfm-PQ5Y_0fCiHqL_pIr3vjzdDKbLfINrgFff1vPg0osaT5qEUFO2e_Gv8PfML4Kvl0NzuGeZab-WDU-bwiwGn63pdBBP-McSosEuu4WEreEiEoUuoANcx6I0gtswVi25ZFIfLcfwdieQWueMf_dqX_b9RctndnxbWR7ATUO4U1_73_SzpiE7G4pMkYk_bAcTxtINyoUSyLgpaF9CKLYX8Hp9TRkk2r4R7mm2V2Q3YBiXICE&key=AIzaSyB8Ldxv4iwDTHLilcZXd9G4Ej5L4Bv9JSU,9:30–20:00,store,"https://www.google.com/maps?q=-0.1806532,-78.4678382"
Fresh Addictive,"El valle, Quito",,,,-0.1806532,-78.4678382,/static/store.jpg,Abierto 24 horas,store,"https://www.google.com/maps?q=-0.1806532,-78.4678382"
Opa! Ropa,Quito,,,,-0.1806532,-78.4678382,/static/store.jpg,Abierto 24 horas,store,"https://www.google.com/maps?q=-0.1806532,-78.4678382"
Domeshop.Ec,"160606, Quito",,,,-0.1806532,-78.4678382,https://maps.googleapis.com/maps/api/place/photo?maxwidth=400&photo_reference=AU_ZVEH_-4i-C32NV1Sq9KE-_4rwOS26ARkuubg2xMGTeTonv7F1scPkbtXslDiMpnVHmLeH2xnAq9cR2bGJvo97iLbb7zfbljTEAWOGkf_jRzX91yDkbeojvysHROLRz0k5Ve4f1zvwUM68PHBvzSUEPonLuEqqWJyWupNDSAGMoqD0T5CaVcif_e6fTycpzi-srQ6s97NJm_kivIcRp_uzOsAHs9JbOh3HMLZeic7p4Uxa76xl_KVXYsl8Yu1DnyIqjo71RnVGQqORahMXcbyIfawV9NfWHF9tqKObY3jiBkkzKFXryjxE8bv9IW1G2yYf-wh6SMMwY-0&key=AIzaSyB8Ldxv4iwDTHLilcZXd9G4Ej5L4Bv9JSU,Cerrado,store,"https://www.google.com/maps?q=-0.1806532,-78.4678382"
Meñique-Instrumentos Musicales,Quito,,,,-0.1806532,-78.4678382,https://maps.googleapis.com/maps/api/place/photo?maxwidth=400&photo_reference=AU_ZVEGP1KN035jeZ2Q6SpVI4A2vbVwtnZXqC2AZs1UOayXH-91LKWTd9B0TmD8xzrOUbxGEciQQpfHM8LmauizMi5NUQvh73KUFaHPHtq1j2sdsbDh3IkqmbQG7bYfi_zAozyfkQh1vON58k-l8UsPbS3jMP3IoTVfS5Sli24eu39VsrX_SY2dIsTODoa18WgOrTZVM3BkXr7eUwKadMJFzYwRU2ozduDGS1nZRAPfgNC1BksJsdycLgyypshHmNwaTwsAC-risHXkCPJ4e1OK1fhbMEn9TG_bNkPG_KIy8YYqist87ExoWAUWOAAo73yQWzOyrJYoDR3g&key=AIzaSyB8Ldxv4iwDTHLilcZXd9G4Ej5L4Bv9JSU,9:00–13:00,store,"https://www.google.com/maps?q=-0.1806532,-78.4678382"
Distribuidor de huevos Simbaña,"170514, Quito",,,,-0.1806532,-78.4678382,/static/store.jpg,Cerrado,store,"https://www.google.com/maps?q=-0.1806532,-78.4678382"
Las primaveras,"RG9J+PVM, Quito",,,,-0.1806532,-78.4678382,/static/store.jpg,Horario no disponible,store,"https://www.google.com/maps?q=-0.1806532,-78.4678382"
Muebles El Toque Magico,"170151, Quito",,,,-0.1806532,-78.4678382,/static/store.jpg,9:00–14:00,store,"https://www.google.com/maps?q=-0.1806532,-78.4678382"
Emprendedores Ecuador,"170550, Quito",,,,-0.1806532,-78.4678382,/static/store.jpg,Abierto 24 horas,store,"https://www.google.com/maps?q=-0.1806532,-78.4678382"
frootnite shop,"170802, Quito",,,,-0.1806532,-78.4678382,/static/store.jpg,Abierto 24 horas,store,"https://www.google.com/maps?q=-0.1806532,-78.4678382"
Carlos Ventas,"ventassola233@gmail.com, Quito",,,,-0.1806532,-78.4678382,/static/store.jpg,Horario no disponible,store,"https://www.google.com/maps?q=-0.1806532,-78.4678382"
Sweet&Cupcakes,"Ernesto Alban Mosquera y y, Quito",,,,-0.1806532,-78.4678382,https://maps.googleapis.com/maps/api/place/photo?maxwidth=400&photo_reference=AU_ZVEFIE4ctHqsHtsxqaZ4LxkXjB-2ea0wZeCorhudQmg-EYlr-RIOQ4L5IXkhmBmLOP1gOG8YO8b-aWYPX9n54oot1d9zjaGVh2WcvLTPWif87YmJsjsP5q_SUhArrJquRQKx_kI90qOIe_3OHhtSPfYHH3u6BYFqgdks2brPsalAghnUA9ySMwVdNUDEO7OpK9qDOm-yMReY0gxcCW49e21uKujuzIlApZDuTv-w0rUXDc8nsg9fxvTVGqszHyZe0l-3YLEFZfq18gtsP5HzDQeFx-BR6tBul_gvz1njGoGkItT0Fs73aTYLRZnZJJPOXe-ohokGPrPA&key=AIzaSyB8Ldxv4iwDTHLilcZXd9G4Ej5L4Bv9JSU,8:00–20:00,store,"https://www.google.com/maps?q=-0.1806532,-78.4678382"
tatto daniiis,"110001, Quito",,,,-0.1806532,-78.4678382,https://maps.googleapis.com/maps/api/place/photo?maxwidth=400&photo_reference=AU_ZVEGjCO6iCXv-2RFOt2w1PROwqRHtYcReJij8l3g6fy5YeydIvE6_W7oy6soHS_iyqioNxdWXVhEWY9hX5EasjrtaGVYX-Ov6TABAFZLW8gZpaY4VLje5polkDIJ_sLpG4vFGbAnQOCISc37g5xDQRGH_Ad7oSU8kMf0Lc3TARwkNyOpIax15qoO3AW_Bn6m2nKu4aVh_9GgytRl1E0-7FNSRsCgdRXz0RO69ptFbScDnDW8veFWr_F2c1b1TT4dobxt6jLQsWne_LpxwgtbTNc6NkZxPXO7C8i0JFaC5WzbtTaxAok_rTVMMEdHBGpimrtRO-mLD-2_6b8vOsRivylmrX42KMzeASSWnyPwL_JHjQxu9LTvW3hgd4VuZ-wyAZ1JHx0nxXfh01oo8ZpUtZpmt2GBFUDU_dVUpKeEDW9YhCeZf5LOH-xeszMgZ5-O-WvWLvJgMqG21TMdtPFcREs5LvINzGc2LeVxGc0cMpnu_pGAjv9SZNYpgwtXGVH2siLakRSzkql-bpTfPVSt1ERyUxrHl8M85Nhk_RxopRDQa0S-ESKukg8WYkjkjgxL9_W3ANakvxjOwufupleXCazcoJY9Oshyk6Ybn6eInGHHTtOBi3MnLGWM70eAjoD408jKwCDwu&key=AIzaSyB8Ldxv4iwDTHLilcZXd9G4Ej5L4Bv9JSU,9:00–17:00,store,"https://www.google.com/maps?q=-0.1806532,-78.4678382"
TREINADOR VOCAL -COMPOSITOR-PRODUTOR-VIRGINIA NODWALLS,"Edif. Mikkeli Plaza, Republica del salvado, filandia y, suecia, Quito",,,,-0.1806532,-78.4678382,https://maps.googleapis.com/maps/api/place/photo?maxwidth=400&photo_reference=AU_ZVEFfUhq-DoEodqb-zxRV0wFvchU00o4CQDkdglvmwDhKcshrHynHb7Hi3tJnXsC2DZjdX8WagdNsQ8yJBFL3eH1CGHyGZL86C4zd5VgYK6qc3E952D3cdvhIN_Nm10Z7qKi0PS7Dwtt6JQ2FQ0QpYWnEvaEhidiTpvHu_Mn_cr-piqcAh8gsCpogeDbahtE5911nRNz-4Btn3m8e7titD86U4e6hImtUHXHS8DTbUyG35htosS8rn2hO-NF-xIm4rtNUgqt7qG7KlrpmrfNDWwK2AivoXEmx4hqaq4xU6WtHMsqEjeLoB66-iSkm2xOIV261NR3Uk5Y&key=AIzaSyB8Ldxv4iwDTHLilcZXd9G4Ej5L4Bv9JSU,8:00–22:00,store,"https://www.google.com/maps?q=-0.1806532,-78.4678382"
Moon Elemental,Quito,,,,-0.1806532,-78.4678382,/static/store.jpg,Horario no disponible,store,"https://www.google.com/maps?q=-0.1806532,-78.4678382"
Grupo Deskansa,Quito,2.5,2.0,,-0.1806532,-78.4678382,/static/store.jpg,Horario no disponible,store,"https://www.google.com/maps?q=-0.1806532,-78.4678382"
SA lenceria,"593, Quito",,,,-0.1806532,-78.4678382,/static/store.jpg,Horario no disponible,store,"https://www.google.com/maps?q=-0.1806532,-78.4678382"
Ian Shop Ec,Quito,,,,-0.1806532,-78.4678382,https://maps.googleapis.com/maps/api/place/photo?maxwidth=400&photo_reference=AU_ZVEE-SdW-rtw6pP7nVpQ8lt9jD6EGnUdcF92JVc2NEGpkHyEXS-c--SezlPerRk8R4Mx0xWJ03jBJ5-yDyNQbCtntLbLLnKHkc7daifBhzderx_1M018Gf41KHBnVIc7ELKS6x_2WD1Y1TmD0U5zgm_ScwcCEd4Smrhm_phkM0ZjXKmohGYZVZLLhoBxX6bKfbbvqP1mX-fvhFJW66WatutBt_8T8jq7Up4TLV5iVBch7m6V5qnRAIH4aHOgZWA-8eENxNmQFSyBLeRHm7UWdBiD741TCWtMJc2uOtokJTB04cP8_7qPxtRY1yg9O6nqobrdK0E9X7l0&key=AIzaSyB8Ldxv4iwDTHLilcZXd9G4Ej5L4Bv9JSU,9:00–19:00,store,"https://www.google.com/maps?q=-0.1806532,-78.4678382"
MEGAREPUESTOS 2,"593, Quito",,,,-0.1806532,-78.4678382,/static/store.jpg,8:00–17:30,store,"https://www.google.com/maps?q=-0.1806532,-78.4678382"
DRIL Parts,"Mitad del Mundo, Quito",,,,-0.1806532,-78.4678382,/static/store.jpg,8:00–10:30,store,"https://www.google.com/maps?q=-0.1806532,-78.4678382"
Minerva Shop,"RG9J+PVM, Quito",,,,-0.1806532,-78.4678382,/static/store.jpg,Horario no disponible,store,"https://www.google.com/maps?q=-0.1806532,-78.4678382"
VnyaJewelry,"170527, Quito",,,,-0.1806532,-78.4678382,/static/store.jpg,Horario no disponible,store,"https://www.google.com/maps?q=-0.1806532,-78.4678382"
The Marthy Shop,"170701, Quito",,,,-0.1806532,-78.4678382,/static/store.jpg,Horario no disponible,store,"https://www.google.com/maps?q=-0.1806532,-78.4678382"
kelo records music,Quito,,,,-0.1806532,-78.4678382,/static/store.jpg,Horario no disponible,store,"https://www.google.com/maps?q=-0.1806532,-78.4678382"
Calzado CJ,Quito,,,,-0.1806532,-78.4678382,/static/store.jpg,Horario no disponible,store,"https://www.google.com/maps?q=-0.1806532,-78.4678382"
MELO. Llevo,+593,,,,-0.1806532,-78.4678382,/static/store.jpg,10:00–19:00,store,"https://www.google.com/maps?q=-0.1806532,-78.4678382"
MOLINO CONTRERAS,Quito,,,,-0.1806532,-78.4678382,/static/store.jpg,Horario no disponible,store,"https://www.google.com/maps?q=-0.1806532,-78.4678382"
Quinta Agroturistica Valle del Rio Bravo,"RG9J+PVM, Quito",,,,-0.1806532,-78.4678382,/static/store.jpg,Horario no disponible,store,"https://www.google.com/maps?q=-0.1806532,-78.4678382"
MUST fashion&design,"Centro comercial El bosque, Quito",,,,-0.1806532,-78.4678382,/static/store.jpg,10:30–20:00,store,"https://www.google.com/maps?q=-0.1806532,-78.4678382"
Rouss Boutique,"170717, Quito",,,,-0.1806532,-78.4678382,https://maps.googleapis.com/maps/api/place/photo?maxwidth=400&photo_reference=AU_ZVEGKGBbqknlca4jXegULptLwgjB1KMuXBZ15E1VS-KLzZ_t7gF4u-c-q5NEVwWIK1LvGJWyTAONsQkAytw33537dPvjS2k2TWrTDfo97N49VBnVYwVm_mwPaOuAgFe7VuNh9kar4goFUnowFq-jG6Z00e5cBNZhdgC7qECmuCog2V2LW6lhoKeLyzixceoOCSuvrqKyXj69Uz1iEAMKvSEeQKBQPxGnUqMJlVRgL9W7ORvAtVgkV4atm3dhB0Wlb62TewjpDjJ0a7imnQ6qjH3PZvmA1a0b9LYZiteuq3F7GKicCUE_h2lGHlMWwxiXZ10iu46cf6Fo&key=AIzaSyB8Ldxv4iwDTHLilcZXd9G4Ej5L4Bv9JSU,10:00–5:00,store,"https://www.google.com/maps?q=-0.1806532,-78.4678382"
Romina Beauty Shop,Quito,,,,-0.1806532,-78.4678382,https://maps.googleapis.com/maps/api/place/photo?maxwidth=400&photo_reference=AU_ZVEGBgGJyhtsV5h0nSWZHw93p9vpRlQIy3jUkpj7Q8vleHNAZq8nNjUTk4tetl3ZjhD2oOKS1VlGTaF6XhJDxWjoAmm-2XnqcF_QnYcWGBB5e7RRO68UBMEBq2gsrT9KWdtgsTtWfppcEZKiHQMlX9rlpvHkm3zWKt8MvT5mLVW3QtbUygDcPbF1W3ns1zq4JFZR9LqB56go8fGSsTGGFUDgZO3IiK8eWTxYK__tQSFmpN8_X5HXWRR2_bLog4TjfXQKQdNEI0lA1TY9uzyz58o87RzT697fQ_HNOKBI5WnLzzRJbqxgYBV7CQH2fjz3a53QLPE7Z4R8&key=AIzaSyB8Ldxv4iwDTHLilcZXd9G4Ej5L4Bv9JSU,Cerrado,store,"https://www.google.com/maps?q=-0.1806532,-78.4678382"
